﻿<?xml version="1.0" encoding="utf-8"?>
<deployment>
  <id>155a6ea1-5b4d-43c6-8e79-e0fae47223fd</id>
  <author>N/A</author>
  <deployer>OneDeploy</deployer>
  <authorEmail>N/A</authorEmail>
  <message>OneDeploy</message>
  <progress></progress>
  <status>Success</status>
  <statusText></statusText>
  <lastSuccessEndTime>2026-02-15T13:26:58.8806743Z</lastSuccessEndTime>
  <receivedTime>2026-02-15T13:26:51.4217901Z</receivedTime>
  <startTime>2026-02-15T13:26:52.7953743Z</startTime>
  <endTime>2026-02-15T13:26:58.8806743Z</endTime>
  <complete>True</complete>
  <is_temp>False</is_temp>
  <is_readonly>True</is_readonly>
  <containerId>6c76d2c1b940</containerId>
  <buildSummary />
</deployment>