﻿<?xml version="1.0" encoding="utf-8"?>
<deployment>
  <id>400a7033-98bb-4db0-8c24-4f04d53f3452</id>
  <author>N/A</author>
  <deployer>GITHUB_ZIP_DEPLOY</deployer>
  <authorEmail>N/A</authorEmail>
  <message>{"type":"deployment","sha":"26b9ebc110d956ca2217517a8a5fa5706f6be27b","repoName":"souchan25/virtualHealthAssistant","actor":"souchan25","slotName":"production","commitMessage":"Enhance comments in Azure deployment workflow\n\nUpdated comments for clarity and improved deployment script."}</message>
  <progress></progress>
  <status>Success</status>
  <statusText></statusText>
  <lastSuccessEndTime>2026-02-15T12:16:45.3285669Z</lastSuccessEndTime>
  <receivedTime>2026-02-15T12:11:57.8962862Z</receivedTime>
  <startTime>2026-02-15T12:11:59.2543688Z</startTime>
  <endTime>2026-02-15T12:16:45.3285669Z</endTime>
  <complete>True</complete>
  <is_temp>False</is_temp>
  <is_readonly>True</is_readonly>
  <containerId>9f6282fb1223</containerId>
  <buildSummary>
    <warning>
      <message>Traceback (most recent call last):
  File "/tmp/8de6c8b6b8a8cf1/manage.py", line 22, in &lt;module&gt;
    main()
  File "/tmp/8de6c8b6b8a8cf1/manage.py", line 18, in main
    execute_from_command_line(sys.argv)
  File "/tmp/8de6c8b6b8a8cf1/antenv/lib/python3.11/site-packages/django/core/management/__init__.py", line 442, in execute_from_command_line
    utility.execute()
  File "/tmp/8de6c8b6b8a8cf1/antenv/lib/python3.11/site-packages/django/core/management/__init__.py", line 382, in execute
    settings.INSTALLED_APPS
  File "/tmp/8de6c8b6b8a8cf1/antenv/lib/python3.11/site-packages/django/conf/__init__.py", line 102, in __getattr__
    self._setup(name)
  File "/tmp/8de6c8b6b8a8cf1/antenv/lib/python3.11/site-packages/django/conf/__init__.py", line 89, in _setup
    self._wrapped = Settings(settings_module)
                    ^^^^^^^^^^^^^^^^^^^^^^^^^
  File "/tmp/8de6c8b6b8a8cf1/antenv/lib/python3.11/site-packages/django/conf/__init__.py", line 217, in __init__
    mod = importlib.import_module(self.SETTINGS_MODULE)
          ^^^^^^^^^^^^^^^^^^^^^^^^^^^^^^^^^^^^^^^^^^^^^
  File "/tmp/oryx/platforms/python/3.11.14/lib/python3.11/importlib/__init__.py", line 126, in import_module
    return _bootstrap._gcd_import(name[level:], package, level)
           ^^^^^^^^^^^^^^^^^^^^^^^^^^^^^^^^^^^^^^^^^^^^^^^^^^^^
  File "&lt;frozen importlib._bootstrap&gt;", line 1204, in _gcd_import
  File "&lt;frozen importlib._bootstrap&gt;", line 1176, in _find_and_load
  File "&lt;frozen importlib._bootstrap&gt;", line 1147, in _find_and_load_unlocked
  File "&lt;frozen importlib._bootstrap&gt;", line 690, in _load_unlocked
  File "&lt;frozen importlib._bootstrap_external&gt;", line 940, in exec_module
  File "&lt;frozen importlib._bootstrap&gt;", line 241, in _call_with_frames_removed
  File "/tmp/8de6c8b6b8a8cf1/health_assistant/settings.py", line 189, in &lt;module&gt;
    'default': dj_database_url.config(
               ^^^^^^^^^^^^^^^^^^^^^^^
  File "/tmp/8de6c8b6b8a8cf1/antenv/lib/python3.11/site-packages/dj_database_url/__init__.py", line 72, in config
    return parse(
           ^^^^^^
  File "/tmp/8de6c8b6b8a8cf1/antenv/lib/python3.11/site-packages/dj_database_url/__init__.py", line 133, in parse
    if spliturl.port
       ^^^^^^^^^^^^^
  File "/tmp/oryx/platforms/python/3.11.14/lib/python3.11/urllib/parse.py", line 182, in port
    raise ValueError(f"Port could not be cast to integer value as {port!r}")
ValueError: Port could not be cast to integer value as '3y' </message>
      <timestamp>2026-02-15 12:15:15</timestamp>
      <exitCode>1</exitCode>
      <recommendation>Please review message</recommendation>
      <urlToGetMoreInformation>https://aka.ms/troubleshoot-python</urlToGetMoreInformation>
    </warning>
  </buildSummary>
</deployment>