﻿<?xml version="1.0" encoding="utf-8"?>
<deployment>
  <id>99cdd42c-d4ed-4f5a-97ea-3a7a856c1809</id>
  <author>N/A</author>
  <deployer>OneDeploy</deployer>
  <authorEmail>N/A</authorEmail>
  <message>OneDeploy</message>
  <progress></progress>
  <status>Success</status>
  <statusText></statusText>
  <lastSuccessEndTime>2026-02-15T14:35:33.7332757Z</lastSuccessEndTime>
  <receivedTime>2026-02-15T14:35:25.7587805Z</receivedTime>
  <startTime>2026-02-15T14:35:27.1585496Z</startTime>
  <endTime>2026-02-15T14:35:33.7332757Z</endTime>
  <complete>True</complete>
  <is_temp>False</is_temp>
  <is_readonly>True</is_readonly>
  <containerId>889f186ac93e</containerId>
  <buildSummary />
</deployment>