﻿<?xml version="1.0" encoding="utf-8"?>
<deployment>
  <id>d7fa4d83-8d85-4f8c-aff7-9d1d28a95571</id>
  <author>N/A</author>
  <deployer>OneDeploy</deployer>
  <authorEmail>N/A</authorEmail>
  <message>OneDeploy</message>
  <progress></progress>
  <status>Success</status>
  <statusText></statusText>
  <lastSuccessEndTime>2026-02-15T14:21:05.5302767Z</lastSuccessEndTime>
  <receivedTime>2026-02-15T14:20:57.4254689Z</receivedTime>
  <startTime>2026-02-15T14:20:58.8432152Z</startTime>
  <endTime>2026-02-15T14:21:05.5302767Z</endTime>
  <complete>True</complete>
  <is_temp>False</is_temp>
  <is_readonly>True</is_readonly>
  <containerId>889f186ac93e</containerId>
  <buildSummary />
</deployment>