﻿<?xml version="1.0" encoding="utf-8"?>
<deployment>
  <id>d2352744-81b1-4094-b9ae-71c68c85cab9</id>
  <author>N/A</author>
  <deployer>OneDeploy</deployer>
  <authorEmail>N/A</authorEmail>
  <message>OneDeploy</message>
  <progress></progress>
  <status>Success</status>
  <statusText></statusText>
  <lastSuccessEndTime>2026-02-15T13:57:38.8232887Z</lastSuccessEndTime>
  <receivedTime>2026-02-15T13:57:30.7974418Z</receivedTime>
  <startTime>2026-02-15T13:57:32.2440415Z</startTime>
  <endTime>2026-02-15T13:57:38.8232887Z</endTime>
  <complete>True</complete>
  <is_temp>False</is_temp>
  <is_readonly>True</is_readonly>
  <containerId>0485597547da</containerId>
  <buildSummary />
</deployment>