﻿<?xml version="1.0" encoding="utf-8"?>
<deployment>
  <id>25c7ab90-43ce-4826-a6d3-3f8a8a150970</id>
  <author>N/A</author>
  <deployer>OneDeploy</deployer>
  <authorEmail>N/A</authorEmail>
  <message>OneDeploy</message>
  <progress></progress>
  <status>Success</status>
  <statusText></statusText>
  <lastSuccessEndTime>2026-02-15T14:11:05.7916821Z</lastSuccessEndTime>
  <receivedTime>2026-02-15T14:10:57.9162732Z</receivedTime>
  <startTime>2026-02-15T14:10:59.2734472Z</startTime>
  <endTime>2026-02-15T14:11:05.7916821Z</endTime>
  <complete>True</complete>
  <is_temp>False</is_temp>
  <is_readonly>True</is_readonly>
  <containerId>0485597547da</containerId>
  <buildSummary />
</deployment>