﻿<?xml version="1.0" encoding="utf-8"?>
<deployment>
  <id>ad369b52-fa1f-4144-8516-0a3f4ef77533</id>
  <author>N/A</author>
  <deployer>OneDeploy</deployer>
  <authorEmail>N/A</authorEmail>
  <message>OneDeploy</message>
  <progress></progress>
  <status>Success</status>
  <statusText></statusText>
  <lastSuccessEndTime>2026-02-15T13:09:40.1646684Z</lastSuccessEndTime>
  <receivedTime>2026-02-15T13:09:32.2832935Z</receivedTime>
  <startTime>2026-02-15T13:09:33.6603162Z</startTime>
  <endTime>2026-02-15T13:09:40.1646684Z</endTime>
  <complete>True</complete>
  <is_temp>False</is_temp>
  <is_readonly>True</is_readonly>
  <containerId>6c76d2c1b940</containerId>
  <buildSummary />
</deployment>