﻿<?xml version="1.0" encoding="utf-8"?>
<deployment>
  <id>ae4473bd-1b85-42a2-8573-010dcd8a7506</id>
  <author>N/A</author>
  <deployer>OneDeploy</deployer>
  <authorEmail>N/A</authorEmail>
  <message>OneDeploy</message>
  <progress></progress>
  <status>Success</status>
  <statusText></statusText>
  <lastSuccessEndTime>2026-02-15T13:02:29.7003932Z</lastSuccessEndTime>
  <receivedTime>2026-02-15T13:02:14.1098025Z</receivedTime>
  <startTime>2026-02-15T13:02:16.1790359Z</startTime>
  <endTime>2026-02-15T13:02:29.7003932Z</endTime>
  <complete>True</complete>
  <is_temp>False</is_temp>
  <is_readonly>True</is_readonly>
  <containerId>6c76d2c1b940</containerId>
  <buildSummary />
</deployment>