<step title="Incoming Request" date="2026-02-15T11:54:20.685" instance="cbdd36" url="/api/zipdeploy?isAsync=true&amp;deployer=GITHUB_ZIP_DEPLOY&amp;message=%7B%22type%22%3A%22deployment%22%2C%22sha%22%3A%22361103915d09ee8ce2595634433e80cabfa227ef%22%2C%22repoName%22%3A%22souchan25%2FvirtualHealthAssistant%22%2C%22actor%22%3A%22souchan25%22%2C%22slotName%22%3A%22production%22%2C%22commitMessage%22%3A%22Fix%20deployment%20package%20copying%20in%20workflow%22%7D" method="POST" type="request" pid="768,1,15" Host="cpsu-health-assistant-backend-htcmdma4efg3dfd9.scm.southeastasia-01.azurewebsites.net" User-Agent="GITHUBACTIONS_DeployWebAppToAzure_968d97079181a3c5d2199e62bb9bc4673270dd4658f735fad79931eaa4aea0d7" Authorization="Bas..." Content-Type="application/octet-stream" Cookie="ARRAffinity=cbdd362fa4ef45d234c6d90da32d24ba071c218e677864a8ea9a8caf7da74954;Path=/;HttpOnly;Secure;Domain=cpsu-health-assistant-backend-htcmdma4efg3dfd9.scm.southeastasia-01.azurewebsites.net; ARRAffinitySameSite=cbdd362fa4ef45d234c6d90da32d24ba071c218e677864a8ea9a8caf7da74954;Path=/;HttpOnly;SameSite=None;Secure;Domain=cpsu-health-assistant-backend-htcmdma4efg3dfd9.scm.southeastasia-01.azurewebsites.net" Transfer-Encoding="chunked" X-ARR-LOG-ID="0d4e9d10-3924-4f70-98ca-9ec14a5e6fd8" CLIENT-IP="68.220.61.210:33808" X-SITE-DEPLOYMENT-ID="cpsu-health-assistant-backend" WAS-DEFAULT-HOSTNAME="cpsu-health-assistant-backend-htcmdma4efg3dfd9.scm.southeastasia-01.azurewebsites.net" X-Forwarded-Proto="https" X-AppService-Proto="https" X-Forwarded-TlsVersion="1.3" X-WAWS-Unencoded-URL="/api/zipdeploy?isAsync=true&amp;deployer=GITHUB_ZIP_DEPLOY&amp;message=%7B%22type%22%3A%22deployment%22%2C%22sha%22%3A%22361103915d09ee8ce2595634433e80cabfa227ef%22%2C%22repoName%22%3A%22souchan25%2FvirtualHealthAssistant%22%2C%22actor%22%3A%22souchan25%22%2C%22slotName%22%3A%22production%22%2C%22commitMessage%22%3A%22Fix%20deployment%20package%20copying%20in%20workflow%22%7D" X-Client-IP="68.220.61.210" X-Client-Port="33808" >
  <step title="ZipPushDeploy" date="2026-02-15T11:54:20.726" >
    <step title="ZipDeploy. Extract zip. Remote build." date="2026-02-15T11:54:20.737" /><!-- duration: 2ms -->
    <step title="None repository commit" date="2026-02-15T11:54:20.743" >
      <step title="Commit id: e741e3e5-aa00-47eb-ba2f-fa7a08b09a11" date="2026-02-15T11:54:20.745" Message="N/A" AuthorName="N/A" AuthorEmail="N/A" /><!-- duration: 2ms -->
    </step><!-- duration: 5ms -->
    <step title="Starting PushDeployAsync" date="2026-02-15T11:54:20.750" /><!-- duration: 2ms -->
    <step title="Writing artifact to /tmp/zipdeploy/1c8817db-b7f9-4401-a749-cb64a20fd8bb.zip" date="2026-02-15T11:54:20.774" >
      <step title="Writing multipart request body to /tmp/zipdeploy/1c8817db-b7f9-4401-a749-cb64a20fd8bb.zip" date="2026-02-15T11:54:20.784" /><!-- duration: 2ms -->
    </step><!-- duration: 1034ms -->
    <step title="Start deployment in the background" date="2026-02-15T11:54:21.847" >
      <step title="Acquiring Deployment Lock" date="2026-02-15T11:54:21.957" /><!-- duration: 18ms -->
      <step title="Acquired Deployment Lock" date="2026-02-15T11:54:22.015" /><!-- duration: 2ms -->
    </step><!-- duration: 276ms -->
  </step><!-- duration: 1404ms -->
  <step title="Outgoing response" date="2026-02-15T11:54:22.140" type="response" statusCode="202" statusText="Accepted" /><!-- duration: 2ms -->
</step><!-- duration: 1458ms -->
