<step title="Incoming Request" date="2026-02-15T12:04:41.599" instance="cbdd36" url="/api/deployments/latest?deployer=GITHUB_ZIP_DEPLOY&amp;time=2026-02-15_12-00-15Z" method="GET" type="request" pid="770,1,21" Host="cpsu-health-assistant-backend-htcmdma4efg3dfd9.scm.southeastasia-01.azurewebsites.net" User-Agent="GITHUBACTIONS_DeployWebAppToAzure_968d97079181a3c5d2199e62bb9bc4673270dd4658f735fad79931eaa4aea0d7" Authorization="Bas..." Content-Type="application/json; charset=utf-8" Cookie="ARRAffinity=cbdd362fa4ef45d234c6d90da32d24ba071c218e677864a8ea9a8caf7da74954;Path=/;HttpOnly;Secure;Domain=cpsu-health-assistant-backend-htcmdma4efg3dfd9.scm.southeastasia-01.azurewebsites.net; ARRAffinitySameSite=cbdd362fa4ef45d234c6d90da32d24ba071c218e677864a8ea9a8caf7da74954;Path=/;HttpOnly;SameSite=None;Secure;Domain=cpsu-health-assistant-backend-htcmdma4efg3dfd9.scm.southeastasia-01.azurewebsites.net" Content-Length="0" X-ARR-LOG-ID="f5421c72-a4e5-41b8-a981-2a1a9bdeb86d" CLIENT-IP="52.173.237.210:60432" X-SITE-DEPLOYMENT-ID="cpsu-health-assistant-backend" WAS-DEFAULT-HOSTNAME="cpsu-health-assistant-backend-htcmdma4efg3dfd9.scm.southeastasia-01.azurewebsites.net" X-Forwarded-Proto="https" X-AppService-Proto="https" X-Forwarded-TlsVersion="1.3" X-WAWS-Unencoded-URL="/api/deployments/latest?deployer=GITHUB_ZIP_DEPLOY&amp;time=2026-02-15_12-00-15Z" X-Client-IP="52.173.237.210" X-Client-Port="60432" >
  <step title="Cleanup Xml Logs" date="2026-02-15T12:04:41.607" >
    <step title="Cleanup Infos" date="2026-02-15T12:04:41.629" totalFiles="219" totalCleanup="59" /><!-- duration: 9ms -->
  </step><!-- duration: 41ms -->
  <step title="DeploymentService.GetResult" date="2026-02-15T12:04:41.669" >
    <step title="DeploymentService.GetLatestDeployment" date="2026-02-15T12:04:41.678" >
      <step title="DeploymentManager.GetResults" date="2026-02-15T12:04:41.687" /><!-- duration: 576ms -->
    </step><!-- duration: 594ms -->
  </step><!-- duration: 606ms -->
  <step title="Outgoing response" date="2026-02-15T12:04:42.293" type="response" statusCode="202" statusText="Accepted" /><!-- duration: 2ms -->
</step><!-- duration: 706ms -->
