<step title="Incoming Request" date="2026-02-15T13:57:25.347" instance="cbdd36" url="/api/publish?async=true&amp;deployer=GITHUB_ONE_DEPLOY&amp;type=zip&amp;message=%7B%22type%22%3A%22deployment%22%2C%22sha%22%3A%22cbc3a3af4071f1d995b266b494ff3e01ed83439e%22%2C%22repoName%22%3A%22souchan25%2FvirtualHealthAssistant%22%2C%22actor%22%3A%22souchan25%22%2C%22slotName%22%3A%22production%22%2C%22commitMessage%22%3A%22Optimize%20Azure%20deployment%20with%20production%20requirements%5Cn%5Cn-%20Created%20requirements-production.txt%20with%20only%20runtime%20dependencies%20(~70%20packages%20vs%20166)%5Cn-%20Removed%20dev%20tools%3A%20jupyter%2C%20ipython%2C%20ipywidgets%2C%20notebooks%5Cn-%20Kept%20essential%20packages%3A%20Django%2C%20DRF%2C%20Celery%2C%20ML%20runtime%20(sklearn%2C%20scipy)%5Cn-%20Updated%20startup.sh%20to%20use%20production%20requirements%5Cn-%20Updated%20GitHub%20workflow%20to%20deploy%20with%20production%20requirements%5Cn%5CnThis%20fixes%20the%20startup%20timeout%20issue%20caused%20by%20installing%20166%20heavy%20packages.%5CnProduction%20deploys%20should%20now%20complete%20in%20%3C2%20minutes%20instead%20of%20timing%20out.%5Cn%5CnCo-authored-by%3A%20Cursor%20%3Ccursoragent%40cursor.com%3E%22%7D" method="POST" type="request" pid="770,1,26" Host="cpsu-health-assistant-backend-htcmdma4efg3dfd9.scm.southeastasia-01.azurewebsites.net" User-Agent="GITHUBACTIONS_DeployWebAppToAzure_968d97079181a3c5d2199e62bb9bc4673270dd4658f735fad79931eaa4aea0d7" Authorization="Bas..." Content-Type="application/octet-stream" Cookie="ARRAffinity=cbdd362fa4ef45d234c6d90da32d24ba071c218e677864a8ea9a8caf7da74954;Path=/;HttpOnly;Secure;Domain=cpsu-health-assistant-backend-htcmdma4efg3dfd9.scm.southeastasia-01.azurewebsites.net; ARRAffinitySameSite=cbdd362fa4ef45d234c6d90da32d24ba071c218e677864a8ea9a8caf7da74954;Path=/;HttpOnly;SameSite=None;Secure;Domain=cpsu-health-assistant-backend-htcmdma4efg3dfd9.scm.southeastasia-01.azurewebsites.net" Transfer-Encoding="chunked" X-ARR-LOG-ID="e336aa50-6e06-4101-a77d-deffe4d15247" CLIENT-IP="68.154.38.18:50192" X-SITE-DEPLOYMENT-ID="cpsu-health-assistant-backend" WAS-DEFAULT-HOSTNAME="cpsu-health-assistant-backend-htcmdma4efg3dfd9.scm.southeastasia-01.azurewebsites.net" X-Forwarded-Proto="https" X-AppService-Proto="https" X-Forwarded-TlsVersion="1.3" X-WAWS-Unencoded-URL="/api/publish?async=true&amp;deployer=GITHUB_ONE_DEPLOY&amp;type=zip&amp;message=%7B%22type%22%3A%22deployment%22%2C%22sha%22%3A%22cbc3a3af4071f1d995b266b494ff3e01ed83439e%22%2C%22repoName%22%3A%22souchan25%2FvirtualHealthAssistant%22%2C%22actor%22%3A%22souchan25%22%2C%22slotName%22%3A%22production%22%2C%22commitMessage%22%3A%22Optimize%20Azure%20deployment%20with%20production%20requirements%5Cn%5Cn-%20Created%20requirements-production.txt%20with%20only%20runtime%20dependencies%20(~70%20packages%20vs%20166)%5Cn-%20Removed%20dev%20tools%3A%20jupyter%2C%20ipython%2C%20ipywidgets%2C%20notebooks%5Cn-%20Kept%20essential%20packages%3A%20Django%2C%20DRF%2C%20Celery%2C%20ML%20runtime%20(sklearn%2C%20scipy)%5Cn-%20Updated%20startup.sh%20to%20use%20production%20requirements%5Cn-%20Updated%20GitHub%20workflow%20to%20deploy%20with%20production%20requirements%5Cn%5CnThis%20fixes%20the%20startup%20timeout%20issue%20caused%20by%20installing%20166%20heavy%20packages.%5CnProduction%20deploys%20should%20now%20complete%20in%20%3C2%20minutes%20instead%20of%20timing%20out.%5Cn%5CnCo-authored-by%3A%20Cursor%20%3Ccursoragent%40cursor.com%3E%22%7D" X-Client-IP="68.154.38.18" X-Client-Port="50192" >
  <step title="OneDeploy" date="2026-02-15T13:57:25.440" >
    <step title="None repository commit" date="2026-02-15T13:57:25.460" >
      <step title="Commit id: d2352744-81b1-4094-b9ae-71c68c85cab9" date="2026-02-15T13:57:25.462" Message="N/A" AuthorName="N/A" AuthorEmail="N/A" /><!-- duration: 1ms -->
    </step><!-- duration: 6ms -->
    <step title="Starting PushDeployAsync" date="2026-02-15T13:57:25.468" /><!-- duration: 2ms -->
    <step title="Writing artifact to /tmp/zipdeploy/f6ec5cff-d27d-4f05-8336-7ae0ca3209bb.zip" date="2026-02-15T13:57:25.487" >
      <step title="Writing multipart request body to /tmp/zipdeploy/f6ec5cff-d27d-4f05-8336-7ae0ca3209bb.zip" date="2026-02-15T13:57:25.495" /><!-- duration: 19ms -->
    </step><!-- duration: 1134ms -->
    <step title="Start deployment in the background" date="2026-02-15T13:57:26.633" >
      <step title="Acquiring Deployment Lock" date="2026-02-15T13:57:26.652" /><!-- duration: 10ms -->
      <step title="Acquired Deployment Lock" date="2026-02-15T13:57:26.724" /><!-- duration: 1ms -->
    </step><!-- duration: 199ms -->
  </step><!-- duration: 1405ms -->
  <step title="Outgoing response" date="2026-02-15T13:57:26.853" type="response" statusCode="202" statusText="Accepted" /><!-- duration: 11ms -->
</step><!-- duration: 1526ms -->
