<step title="Incoming Request" date="2026-02-15T13:09:34.995" instance="cbdd36" url="/api/deployments/latest?deployer=OneDeploy&amp;time=2026-02-15_13-09-28Z" method="GET" type="request" pid="770,1,23" Host="cpsu-health-assistant-backend-htcmdma4efg3dfd9.scm.southeastasia-01.azurewebsites.net" User-Agent="GITHUBACTIONS_DeployWebAppToAzure_968d97079181a3c5d2199e62bb9bc4673270dd4658f735fad79931eaa4aea0d7" Authorization="Bas..." Content-Type="application/json; charset=utf-8" Cookie="ARRAffinity=cbdd362fa4ef45d234c6d90da32d24ba071c218e677864a8ea9a8caf7da74954;Path=/;HttpOnly;Secure;Domain=cpsu-health-assistant-backend-htcmdma4efg3dfd9.scm.southeastasia-01.azurewebsites.net; ARRAffinitySameSite=cbdd362fa4ef45d234c6d90da32d24ba071c218e677864a8ea9a8caf7da74954;Path=/;HttpOnly;SameSite=None;Secure;Domain=cpsu-health-assistant-backend-htcmdma4efg3dfd9.scm.southeastasia-01.azurewebsites.net" Content-Length="0" X-ARR-LOG-ID="5fb6622e-a44f-4d04-956e-5972330b1d80" CLIENT-IP="172.182.226.209:14345" X-SITE-DEPLOYMENT-ID="cpsu-health-assistant-backend" WAS-DEFAULT-HOSTNAME="cpsu-health-assistant-backend-htcmdma4efg3dfd9.scm.southeastasia-01.azurewebsites.net" X-Forwarded-Proto="https" X-AppService-Proto="https" X-Forwarded-TlsVersion="1.3" X-WAWS-Unencoded-URL="/api/deployments/latest?deployer=OneDeploy&amp;time=2026-02-15_13-09-28Z" X-Client-IP="172.182.226.209" X-Client-Port="14345" >
  <step title="Cleanup Xml Logs" date="2026-02-15T13:09:35.024" >
    <step title="Cleanup Infos" date="2026-02-15T13:09:35.290" totalFiles="408" totalCleanup="248" /><!-- duration: 82ms -->
  </step><!-- duration: 396ms -->
  <step title="DeploymentService.GetResult" date="2026-02-15T13:09:35.549" >
    <step title="DeploymentService.GetLatestDeployment" date="2026-02-15T13:09:35.565" >
      <step title="DeploymentManager.GetResults" date="2026-02-15T13:09:35.618" /><!-- duration: 827ms -->
    </step><!-- duration: 899ms -->
  </step><!-- duration: 917ms -->
  <step title="Outgoing response" date="2026-02-15T13:09:36.468" type="response" statusCode="202" statusText="Accepted" /><!-- duration: 26ms -->
</step><!-- duration: 1526ms -->
