<step title="Incoming Request" date="2026-02-15T12:12:38.592" instance="cbdd36" url="/api/deployments/latest?deployer=GITHUB_ZIP_DEPLOY&amp;time=2026-02-15_12-11-54Z" method="GET" type="request" pid="770,1,27" Host="cpsu-health-assistant-backend-htcmdma4efg3dfd9.scm.southeastasia-01.azurewebsites.net" User-Agent="GITHUBACTIONS_DeployWebAppToAzure_968d97079181a3c5d2199e62bb9bc4673270dd4658f735fad79931eaa4aea0d7" Authorization="Bas..." Content-Type="application/json; charset=utf-8" Cookie="ARRAffinity=cbdd362fa4ef45d234c6d90da32d24ba071c218e677864a8ea9a8caf7da74954;Path=/;HttpOnly;Secure;Domain=cpsu-health-assistant-backend-htcmdma4efg3dfd9.scm.southeastasia-01.azurewebsites.net; ARRAffinitySameSite=cbdd362fa4ef45d234c6d90da32d24ba071c218e677864a8ea9a8caf7da74954;Path=/;HttpOnly;SameSite=None;Secure;Domain=cpsu-health-assistant-backend-htcmdma4efg3dfd9.scm.southeastasia-01.azurewebsites.net" Content-Length="0" X-ARR-LOG-ID="782026e6-0715-486c-8ddc-7cb8564204dc" CLIENT-IP="172.215.208.192:54278" X-SITE-DEPLOYMENT-ID="cpsu-health-assistant-backend" WAS-DEFAULT-HOSTNAME="cpsu-health-assistant-backend-htcmdma4efg3dfd9.scm.southeastasia-01.azurewebsites.net" X-Forwarded-Proto="https" X-AppService-Proto="https" X-Forwarded-TlsVersion="1.3" X-WAWS-Unencoded-URL="/api/deployments/latest?deployer=GITHUB_ZIP_DEPLOY&amp;time=2026-02-15_12-11-54Z" X-Client-IP="172.215.208.192" X-Client-Port="54278" >
  <step title="Cleanup Xml Logs" date="2026-02-15T12:12:38.594" >
    <step title="Cleanup Infos" date="2026-02-15T12:12:38.612" totalFiles="272" totalCleanup="112" /><!-- duration: 11ms -->
  </step><!-- duration: 38ms -->
  <step title="DeploymentService.GetResult" date="2026-02-15T12:12:38.643" >
    <step title="DeploymentService.GetLatestDeployment" date="2026-02-15T12:12:38.653" >
      <step title="DeploymentManager.GetResults" date="2026-02-15T12:12:38.662" /><!-- duration: 462ms -->
    </step><!-- duration: 481ms -->
  </step><!-- duration: 509ms -->
  <step title="Outgoing response" date="2026-02-15T12:12:39.155" type="response" statusCode="202" statusText="Accepted" /><!-- duration: 9ms -->
</step><!-- duration: 582ms -->
