<step title="BackgroundTrace" date="2026-02-15T12:32:30.295" instance="cbdd36" url="/api/zipdeploy" method="POST" >
  <step title="Creating temporary deployment - FetchDeploymentManager" date="2026-02-15T12:32:30.386" /><!-- duration: 1ms -->
  <step title="Creating temporary deployment" date="2026-02-15T12:32:30.389" /><!-- duration: 33ms -->
  <step title="Performing fetch based deployment" date="2026-02-15T12:32:30.440" >
    <step title="Cleaning up temp folders from previous zip deployments and extracting pushed zip file /tmp/zipdeploy/024eb4d7-b982-4a8b-9b4a-960cd0d24af9.zip (3.05 MB) to /tmp/zipdeploy/extracted" date="2026-02-15T12:32:31.682" >
      <step title="ChmodRecursive Process exited with total time taken in ms: 80" date="2026-02-15T12:32:32.325" /><!-- duration: 2ms -->
    </step><!-- duration: 651ms -->
    <step title="Deployment timer started" date="2026-02-15T12:32:34.364" >
      <step title="DeploymentManager.Deploy(id:9a35ffa0-3860-46ea-a5f0-b1edac199a9d)" date="2026-02-15T12:32:34.387" >
        <step title="Collecting changeset information" date="2026-02-15T12:32:34.411" /><!-- duration: 75ms -->
        <step title="Updating submodules" date="2026-02-15T12:32:34.489" /><!-- duration: 1121ms -->
        <step title="Determining deployment builder" date="2026-02-15T12:32:35.809" >
          <step title="Builder is OryxBuilder" date="2026-02-15T12:32:35.819" /><!-- duration: 19ms -->
        </step><!-- duration: 31ms -->
        <step title="PreDeployment: context.CleanOutputPath False" date="2026-02-15T12:32:35.880" >
          <step title="PreDeployment: context.OutputPath /home/site/wwwroot" date="2026-02-15T12:32:35.990" >
            <step title="Building" date="2026-02-15T12:32:36.114" >
              <step title="Executing external process" date="2026-02-15T12:32:36.394" type="process" path="bash" arguments="-c &quot;oryx build /tmp/zipdeploy/extracted -o /home/site/wwwroot --platform python --platform-version 3.11 -p virtualenv_name=antenv --log-file /tmp/build-debug.log  -i /tmp/8de6c8e4c8966a8 --compress-destination-dir | tee /tmp/oryx-build.log ; exit $PIPESTATUS &quot;" >
                <step title="Cpu: python3(1996,33.190s)+uv(1928,7.470s)+ts(1929,0.100s)+build.sh(1927,0.000s)+build.sh(1926,0.000s)+build.sh(1836,0.040s)+oryx(1814,4.900s)+tee(1815,0.000s)+bash(1813,0.010s)=total(45.700s)" date="2026-02-15T12:34:11.812" /><!-- duration: 19ms -->
                <step title="bash: no io activity for 61s, prev-cpu=-1.000s, current-cpu=45.700s" date="2026-02-15T12:34:11.863" /><!-- duration: 9ms -->
                <step title="Cpu: python3(1996,74.290s)+uv(1928,9.190s)+ts(1929,0.100s)+build.sh(1927,0.000s)+build.sh(1926,0.000s)+build.sh(1836,0.040s)+oryx(1814,5.010s)+tee(1815,0.000s)+bash(1813,0.010s)=total(88.640s)" date="2026-02-15T12:35:12.143" /><!-- duration: 12ms -->
                <step title="bash: no io activity for 121s, prev-cpu=45.700s, current-cpu=88.640s" date="2026-02-15T12:35:12.204" /><!-- duration: 30ms -->
