<step title="Incoming Request" date="2026-02-15T12:00:13.980" instance="cbdd36" url="/api/zipdeploy?isAsync=true&amp;deployer=GITHUB_ZIP_DEPLOY&amp;message=%7B%22type%22%3A%22deployment%22%2C%22sha%22%3A%22361103915d09ee8ce2595634433e80cabfa227ef%22%2C%22repoName%22%3A%22souchan25%2FvirtualHealthAssistant%22%2C%22actor%22%3A%22souchan25%22%2C%22slotName%22%3A%22production%22%2C%22commitMessage%22%3A%22Fix%20deployment%20package%20copying%20in%20workflow%22%7D" method="POST" type="request" pid="770,1,7" Host="cpsu-health-assistant-backend-htcmdma4efg3dfd9.scm.southeastasia-01.azurewebsites.net" User-Agent="GITHUBACTIONS_DeployWebAppToAzure_968d97079181a3c5d2199e62bb9bc4673270dd4658f735fad79931eaa4aea0d7" Authorization="Bas..." Content-Type="application/octet-stream" Cookie="ARRAffinity=cbdd362fa4ef45d234c6d90da32d24ba071c218e677864a8ea9a8caf7da74954;Path=/;HttpOnly;Secure;Domain=cpsu-health-assistant-backend-htcmdma4efg3dfd9.scm.southeastasia-01.azurewebsites.net; ARRAffinitySameSite=cbdd362fa4ef45d234c6d90da32d24ba071c218e677864a8ea9a8caf7da74954;Path=/;HttpOnly;SameSite=None;Secure;Domain=cpsu-health-assistant-backend-htcmdma4efg3dfd9.scm.southeastasia-01.azurewebsites.net" Transfer-Encoding="chunked" X-ARR-LOG-ID="bec9b656-1642-4175-b83c-eca616a4bdc1" CLIENT-IP="52.173.237.210:60432" X-SITE-DEPLOYMENT-ID="cpsu-health-assistant-backend" WAS-DEFAULT-HOSTNAME="cpsu-health-assistant-backend-htcmdma4efg3dfd9.scm.southeastasia-01.azurewebsites.net" X-Forwarded-Proto="https" X-AppService-Proto="https" X-Forwarded-TlsVersion="1.3" X-WAWS-Unencoded-URL="/api/zipdeploy?isAsync=true&amp;deployer=GITHUB_ZIP_DEPLOY&amp;message=%7B%22type%22%3A%22deployment%22%2C%22sha%22%3A%22361103915d09ee8ce2595634433e80cabfa227ef%22%2C%22repoName%22%3A%22souchan25%2FvirtualHealthAssistant%22%2C%22actor%22%3A%22souchan25%22%2C%22slotName%22%3A%22production%22%2C%22commitMessage%22%3A%22Fix%20deployment%20package%20copying%20in%20workflow%22%7D" X-Client-IP="52.173.237.210" X-Client-Port="60432" >
  <step title="ZipPushDeploy" date="2026-02-15T12:00:14.008" >
    <step title="ZipDeploy. Extract zip. Remote build." date="2026-02-15T12:00:14.012" /><!-- duration: 4ms -->
    <step title="None repository commit" date="2026-02-15T12:00:14.034" >
      <step title="Commit id: ee8459ac-c4c8-4109-91ed-b972eb9ee3b4" date="2026-02-15T12:00:14.036" Message="N/A" AuthorName="N/A" AuthorEmail="N/A" /><!-- duration: 2ms -->
    </step><!-- duration: 5ms -->
    <step title="Starting PushDeployAsync" date="2026-02-15T12:00:14.052" /><!-- duration: 2ms -->
    <step title="Writing artifact to /tmp/zipdeploy/935c8765-bdd0-4afd-94bf-2833d2474795.zip" date="2026-02-15T12:00:14.124" >
      <step title="Writing multipart request body to /tmp/zipdeploy/935c8765-bdd0-4afd-94bf-2833d2474795.zip" date="2026-02-15T12:00:14.134" /><!-- duration: 10ms -->
    </step><!-- duration: 861ms -->
    <step title="Start deployment in the background" date="2026-02-15T12:00:15.026" >
      <step title="Acquiring Deployment Lock" date="2026-02-15T12:00:15.113" /><!-- duration: 2ms -->
      <step title="Acquired Deployment Lock" date="2026-02-15T12:00:15.174" /><!-- duration: 11ms -->
    </step><!-- duration: 255ms -->
  </step><!-- duration: 1285ms -->
  <step title="Outgoing response" date="2026-02-15T12:00:15.298" type="response" statusCode="202" statusText="Accepted" /><!-- duration: 7ms -->
</step><!-- duration: 1326ms -->
