<step title="Incoming Request" date="2026-02-15T14:20:51.754" instance="cbdd36" url="/api/publish?async=true&amp;deployer=GITHUB_ONE_DEPLOY&amp;type=zip&amp;message=%7B%22type%22%3A%22deployment%22%2C%22sha%22%3A%22da507f40c6b3b66deb8681ab2b1ae283e090365b%22%2C%22repoName%22%3A%22souchan25%2FvirtualHealthAssistant%22%2C%22actor%22%3A%22souchan25%22%2C%22slotName%22%3A%22production%22%2C%22commitMessage%22%3A%22Add%20missing%20packages%20to%20production%20requirements%5Cn%5Cn-%20Added%20whitenoise%20(6.6.0)%20for%20static%20files%20serving%5Cn-%20Added%20pandas%20(2.2.0)%20required%20by%20ML%20service%5Cn-%20Added%20django-import-export%20dependencies%3A%20tablib%2C%20openpyxl%2C%20xlrd%2C%20xlwt%5Cn-%20Added%20django-extensions%20and%20django-filter%5Cn%5CnFixes%3A%5Cn-%20%5C%22No%20module%20named%20%27whitenoise%27%5C%22%20during%20collectstatic%5Cn-%20%5C%22No%20module%20named%20%27pandas%27%5C%22%20in%20clinic%2Fml_service.py%5Cn%5CnProduction%20deployment%20should%20now%20succeed%20with%20all%20required%20packages.%5Cn%5CnCo-authored-by%3A%20Cursor%20%3Ccursoragent%40cursor.com%3E%22%7D" method="POST" type="request" pid="768,1,7" Host="cpsu-health-assistant-backend-htcmdma4efg3dfd9.scm.southeastasia-01.azurewebsites.net" User-Agent="GITHUBACTIONS_DeployWebAppToAzure_968d97079181a3c5d2199e62bb9bc4673270dd4658f735fad79931eaa4aea0d7" Authorization="Bas..." Content-Type="application/octet-stream" Cookie="ARRAffinity=cbdd362fa4ef45d234c6d90da32d24ba071c218e677864a8ea9a8caf7da74954;Path=/;HttpOnly;Secure;Domain=cpsu-health-assistant-backend-htcmdma4efg3dfd9.scm.southeastasia-01.azurewebsites.net; ARRAffinitySameSite=cbdd362fa4ef45d234c6d90da32d24ba071c218e677864a8ea9a8caf7da74954;Path=/;HttpOnly;SameSite=None;Secure;Domain=cpsu-health-assistant-backend-htcmdma4efg3dfd9.scm.southeastasia-01.azurewebsites.net" Transfer-Encoding="chunked" X-ARR-LOG-ID="61cd1252-1589-4958-ab7b-19c34f680b80" CLIENT-IP="172.208.126.100:25600" X-SITE-DEPLOYMENT-ID="cpsu-health-assistant-backend" WAS-DEFAULT-HOSTNAME="cpsu-health-assistant-backend-htcmdma4efg3dfd9.scm.southeastasia-01.azurewebsites.net" X-Forwarded-Proto="https" X-AppService-Proto="https" X-Forwarded-TlsVersion="1.3" X-WAWS-Unencoded-URL="/api/publish?async=true&amp;deployer=GITHUB_ONE_DEPLOY&amp;type=zip&amp;message=%7B%22type%22%3A%22deployment%22%2C%22sha%22%3A%22da507f40c6b3b66deb8681ab2b1ae283e090365b%22%2C%22repoName%22%3A%22souchan25%2FvirtualHealthAssistant%22%2C%22actor%22%3A%22souchan25%22%2C%22slotName%22%3A%22production%22%2C%22commitMessage%22%3A%22Add%20missing%20packages%20to%20production%20requirements%5Cn%5Cn-%20Added%20whitenoise%20(6.6.0)%20for%20static%20files%20serving%5Cn-%20Added%20pandas%20(2.2.0)%20required%20by%20ML%20service%5Cn-%20Added%20django-import-export%20dependencies%3A%20tablib%2C%20openpyxl%2C%20xlrd%2C%20xlwt%5Cn-%20Added%20django-extensions%20and%20django-filter%5Cn%5CnFixes%3A%5Cn-%20%5C%22No%20module%20named%20%27whitenoise%27%5C%22%20during%20collectstatic%5Cn-%20%5C%22No%20module%20named%20%27pandas%27%5C%22%20in%20clinic%2Fml_service.py%5Cn%5CnProduction%20deployment%20should%20now%20succeed%20with%20all%20required%20packages.%5Cn%5CnCo-authored-by%3A%20Cursor%20%3Ccursoragent%40cursor.com%3E%22%7D" X-Client-IP="172.208.126.100" X-Client-Port="25600" >
  <step title="OneDeploy" date="2026-02-15T14:20:51.788" >
    <step title="None repository commit" date="2026-02-15T14:20:51.800" >
      <step title="Commit id: d7fa4d83-8d85-4f8c-aff7-9d1d28a95571" date="2026-02-15T14:20:51.805" Message="N/A" AuthorName="N/A" AuthorEmail="N/A" /><!-- duration: 2ms -->
    </step><!-- duration: 8ms -->
    <step title="Starting PushDeployAsync" date="2026-02-15T14:20:51.810" /><!-- duration: 2ms -->
    <step title="Writing artifact to /tmp/zipdeploy/66d9b3eb-ec8b-4dea-8014-2a4e8857e735.zip" date="2026-02-15T14:20:51.843" >
      <step title="Writing multipart request body to /tmp/zipdeploy/66d9b3eb-ec8b-4dea-8014-2a4e8857e735.zip" date="2026-02-15T14:20:51.846" /><!-- duration: 8ms -->
    </step><!-- duration: 1219ms -->
    <step title="Start deployment in the background" date="2026-02-15T14:20:53.070" >
      <step title="Acquiring Deployment Lock" date="2026-02-15T14:20:53.116" /><!-- duration: 10ms -->
      <step title="Acquired Deployment Lock" date="2026-02-15T14:20:53.158" /><!-- duration: 2ms -->
    </step><!-- duration: 247ms -->
  </step><!-- duration: 1535ms -->
  <step title="Outgoing response" date="2026-02-15T14:20:53.332" type="response" statusCode="202" statusText="Accepted" /><!-- duration: 2ms -->
</step><!-- duration: 1582ms -->
