<step title="Incoming Request" date="2026-02-15T13:02:15.557" instance="cbdd36" url="/api/deployments/latest?deployer=OneDeploy&amp;time=2026-02-15_13-02-09Z" method="GET" type="request" pid="770,1,38" Host="cpsu-health-assistant-backend-htcmdma4efg3dfd9.scm.southeastasia-01.azurewebsites.net" User-Agent="GITHUBACTIONS_DeployWebAppToAzure_968d97079181a3c5d2199e62bb9bc4673270dd4658f735fad79931eaa4aea0d7" Authorization="Bas..." Content-Type="application/json; charset=utf-8" Cookie="ARRAffinity=cbdd362fa4ef45d234c6d90da32d24ba071c218e677864a8ea9a8caf7da74954;Path=/;HttpOnly;Secure;Domain=cpsu-health-assistant-backend-htcmdma4efg3dfd9.scm.southeastasia-01.azurewebsites.net; ARRAffinitySameSite=cbdd362fa4ef45d234c6d90da32d24ba071c218e677864a8ea9a8caf7da74954;Path=/;HttpOnly;SameSite=None;Secure;Domain=cpsu-health-assistant-backend-htcmdma4efg3dfd9.scm.southeastasia-01.azurewebsites.net" Content-Length="0" X-ARR-LOG-ID="0fef47fd-ac56-4f99-9d4e-f9109d4dd244" CLIENT-IP="172.182.195.178:64529" X-SITE-DEPLOYMENT-ID="cpsu-health-assistant-backend" WAS-DEFAULT-HOSTNAME="cpsu-health-assistant-backend-htcmdma4efg3dfd9.scm.southeastasia-01.azurewebsites.net" X-Forwarded-Proto="https" X-AppService-Proto="https" X-Forwarded-TlsVersion="1.3" X-WAWS-Unencoded-URL="/api/deployments/latest?deployer=OneDeploy&amp;time=2026-02-15_13-02-09Z" X-Client-IP="172.182.195.178" X-Client-Port="64529" >
  <step title="Cleanup Xml Logs" date="2026-02-15T13:02:15.576" >
    <step title="Cleanup Infos" date="2026-02-15T13:02:15.646" totalFiles="400" totalCleanup="240" /><!-- duration: 11ms -->
  </step><!-- duration: 100ms -->
  <step title="DeploymentService.GetResult" date="2026-02-15T13:02:15.688" >
    <step title="DeploymentService.GetLatestDeployment" date="2026-02-15T13:02:15.697" >
      <step title="DeploymentManager.GetResults" date="2026-02-15T13:02:15.706" /><!-- duration: 1793ms -->
    </step><!-- duration: 1821ms -->
  </step><!-- duration: 1848ms -->
  <step title="Outgoing response" date="2026-02-15T13:02:17.539" type="response" statusCode="202" statusText="Accepted" /><!-- duration: 19ms -->
</step><!-- duration: 2010ms -->
