<step title="Incoming Request" date="2026-02-15T14:10:52.163" instance="cbdd36" url="/api/publish?async=true&amp;deployer=GITHUB_ONE_DEPLOY&amp;type=zip&amp;message=%7B%22type%22%3A%22deployment%22%2C%22sha%22%3A%22f75ae7eace7a4fb263fd2c87bdb3a457f8f93a26%22%2C%22repoName%22%3A%22souchan25%2FvirtualHealthAssistant%22%2C%22actor%22%3A%22souchan25%22%2C%22slotName%22%3A%22production%22%2C%22commitMessage%22%3A%22Fix%20database%20configuration%20error%20handling%5Cn%5Cn-%20Add%20try-except%20to%20handle%20malformed%20DATABASE_URL%5Cn-%20Fallback%20to%20SQLite%20if%20DATABASE_URL%20parsing%20fails%5Cn-%20Fixes%20%5C%22Port%20could%20not%20be%20cast%20to%20integer%20value%20as%20%273y%27%5C%22%20error%5Cn%5CnThis%20allows%20the%20app%20to%20start%20even%20if%20DATABASE_URL%20is%20incorrectly%5Cnconfigured%20in%20Azure%20App%20Service%20settings.%5Cn%5CnCo-authored-by%3A%20Cursor%20%3Ccursoragent%40cursor.com%3E%22%7D" method="POST" type="request" pid="770,1,27" Host="cpsu-health-assistant-backend-htcmdma4efg3dfd9.scm.southeastasia-01.azurewebsites.net" User-Agent="GITHUBACTIONS_DeployWebAppToAzure_968d97079181a3c5d2199e62bb9bc4673270dd4658f735fad79931eaa4aea0d7" Authorization="Bas..." Content-Type="application/octet-stream" Cookie="ARRAffinity=cbdd362fa4ef45d234c6d90da32d24ba071c218e677864a8ea9a8caf7da74954;Path=/;HttpOnly;Secure;Domain=cpsu-health-assistant-backend-htcmdma4efg3dfd9.scm.southeastasia-01.azurewebsites.net; ARRAffinitySameSite=cbdd362fa4ef45d234c6d90da32d24ba071c218e677864a8ea9a8caf7da74954;Path=/;HttpOnly;SameSite=None;Secure;Domain=cpsu-health-assistant-backend-htcmdma4efg3dfd9.scm.southeastasia-01.azurewebsites.net" Transfer-Encoding="chunked" X-ARR-LOG-ID="0af219f6-84c8-437b-8426-393afffe3631" CLIENT-IP="52.154.20.49:6152" X-SITE-DEPLOYMENT-ID="cpsu-health-assistant-backend" WAS-DEFAULT-HOSTNAME="cpsu-health-assistant-backend-htcmdma4efg3dfd9.scm.southeastasia-01.azurewebsites.net" X-Forwarded-Proto="https" X-AppService-Proto="https" X-Forwarded-TlsVersion="1.3" X-WAWS-Unencoded-URL="/api/publish?async=true&amp;deployer=GITHUB_ONE_DEPLOY&amp;type=zip&amp;message=%7B%22type%22%3A%22deployment%22%2C%22sha%22%3A%22f75ae7eace7a4fb263fd2c87bdb3a457f8f93a26%22%2C%22repoName%22%3A%22souchan25%2FvirtualHealthAssistant%22%2C%22actor%22%3A%22souchan25%22%2C%22slotName%22%3A%22production%22%2C%22commitMessage%22%3A%22Fix%20database%20configuration%20error%20handling%5Cn%5Cn-%20Add%20try-except%20to%20handle%20malformed%20DATABASE_URL%5Cn-%20Fallback%20to%20SQLite%20if%20DATABASE_URL%20parsing%20fails%5Cn-%20Fixes%20%5C%22Port%20could%20not%20be%20cast%20to%20integer%20value%20as%20%273y%27%5C%22%20error%5Cn%5CnThis%20allows%20the%20app%20to%20start%20even%20if%20DATABASE_URL%20is%20incorrectly%5Cnconfigured%20in%20Azure%20App%20Service%20settings.%5Cn%5CnCo-authored-by%3A%20Cursor%20%3Ccursoragent%40cursor.com%3E%22%7D" X-Client-IP="52.154.20.49" X-Client-Port="6152" >
  <step title="OneDeploy" date="2026-02-15T14:10:52.186" >
    <step title="Starting PushDeployAsync" date="2026-02-15T14:10:52.194" /><!-- duration: 2ms -->
    <step title="Writing artifact to /tmp/zipdeploy/2fe76df2-c72b-4553-908d-f0e0e7b5c093.zip" date="2026-02-15T14:10:52.215" >
      <step title="Writing multipart request body to /tmp/zipdeploy/2fe76df2-c72b-4553-908d-f0e0e7b5c093.zip" date="2026-02-15T14:10:52.225" /><!-- duration: 1ms -->
    </step><!-- duration: 1193ms -->
    <step title="Start deployment in the background" date="2026-02-15T14:10:53.428" >
      <step title="Acquiring Deployment Lock" date="2026-02-15T14:10:53.457" /><!-- duration: 9ms -->
      <step title="Acquired Deployment Lock" date="2026-02-15T14:10:53.499" /><!-- duration: 1ms -->
    </step><!-- duration: 167ms -->
  </step><!-- duration: 1413ms -->
  <step title="Outgoing response" date="2026-02-15T14:10:53.602" type="response" statusCode="202" statusText="Accepted" /><!-- duration: 5ms -->
</step><!-- duration: 1446ms -->
