<step title="Executing external process" date="2026-02-16T03:44:49.705" instance="cbdd36" type="process" path="kudu.exe" arguments="/home/site /opt/Kudu/msbuild" >
  <step title="Cleanup Xml Logs" date="2026-02-16T03:44:49.774" >
    <step title="Cleanup Infos" date="2026-02-16T03:44:49.816" totalFiles="453" totalCleanup="293" /><!-- duration: 9ms -->
  </step><!-- duration: 59ms -->
  <step title="Deployment timer started" date="2026-02-16T03:44:49.901" >
    <step title="Executing external process" date="2026-02-16T03:44:49.924" type="process" path="git" arguments="log -n 1 master --" >
      <step title="Process dump" date="2026-02-16T03:44:50.050" exitCode="128" type="processOutput" /><!-- duration: 16ms -->
    </step><!-- duration: 145ms -->
    <step title="Error occurred" date="2026-02-16T03:44:50.189" type="error" text="One or more errors occurred. (The current deployment branch is &apos;master&apos;, but nothing has been pushed to it)" stackTrace="   at System.Threading.Tasks.Task.ThrowIfExceptional(Boolean includeTaskCanceledExceptions)
   at System.Threading.Tasks.Task.Wait(Int32 millisecondsTimeout, CancellationToken cancellationToken)
   at System.Threading.Tasks.Task.Wait()
   at Kudu.Console.Program.PerformDeploy(String appRoot, String wapTargets, String deployer, String lockPath, IEnvironment env, IDeploymentSettingsManager settingsManager, TraceLevel level, ITracer tracer, ITraceFactory traceFactory, IOperationLock deploymentLock, IBuildService buildService) in /tmp/KuduLite/Kudu.Console/Program.cs:line 190" innerText="The current deployment branch is &apos;master&apos;, but nothing has been pushed to it" innerStackTrace="   at Kudu.Core.Deployment.DeploymentManager.DeployAsync(IRepository repository, ChangeSet changeSet, String deployer, Boolean clean, DeploymentInfoBase deploymentInfo, Boolean needFileUpdate, Boolean fullBuildByDefault) in /tmp/KuduLite/Kudu.Core/Deployment/DeploymentManager.cs:line 208
   at Kudu.Console.Program.&lt;&gt;c__DisplayClass1_0.&lt;&lt;PerformDeploy&gt;b__0&gt;d.MoveNext() in /tmp/KuduLite/Kudu.Console/Program.cs:line 183" /><!-- duration: 7ms -->
    <step title="Executing external process" date="2026-02-16T03:44:50.211" type="process" path="git" arguments="log -n 1 master --" >
      <step title="Process dump" date="2026-02-16T03:44:50.229" exitCode="128" type="processOutput" /><!-- duration: 5ms -->
    </step><!-- duration: 26ms -->
