<step title="Incoming Request" date="2026-02-15T12:11:52.769" instance="cbdd36" url="/api/zipdeploy?isAsync=true&amp;deployer=GITHUB_ZIP_DEPLOY&amp;message=%7B%22type%22%3A%22deployment%22%2C%22sha%22%3A%2226b9ebc110d956ca2217517a8a5fa5706f6be27b%22%2C%22repoName%22%3A%22souchan25%2FvirtualHealthAssistant%22%2C%22actor%22%3A%22souchan25%22%2C%22slotName%22%3A%22production%22%2C%22commitMessage%22%3A%22Enhance%20comments%20in%20Azure%20deployment%20workflow%5Cn%5CnUpdated%20comments%20for%20clarity%20and%20improved%20deployment%20script.%22%7D" method="POST" type="request" pid="770,1,7" Host="cpsu-health-assistant-backend-htcmdma4efg3dfd9.scm.southeastasia-01.azurewebsites.net" User-Agent="GITHUBACTIONS_DeployWebAppToAzure_968d97079181a3c5d2199e62bb9bc4673270dd4658f735fad79931eaa4aea0d7" Authorization="Bas..." Content-Type="application/octet-stream" Cookie="ARRAffinity=cbdd362fa4ef45d234c6d90da32d24ba071c218e677864a8ea9a8caf7da74954;Path=/;HttpOnly;Secure;Domain=cpsu-health-assistant-backend-htcmdma4efg3dfd9.scm.southeastasia-01.azurewebsites.net; ARRAffinitySameSite=cbdd362fa4ef45d234c6d90da32d24ba071c218e677864a8ea9a8caf7da74954;Path=/;HttpOnly;SameSite=None;Secure;Domain=cpsu-health-assistant-backend-htcmdma4efg3dfd9.scm.southeastasia-01.azurewebsites.net" Transfer-Encoding="chunked" X-ARR-LOG-ID="6063d048-ea2d-4c59-8781-fbb86d10fa5d" CLIENT-IP="172.215.208.192:54272" X-SITE-DEPLOYMENT-ID="cpsu-health-assistant-backend" WAS-DEFAULT-HOSTNAME="cpsu-health-assistant-backend-htcmdma4efg3dfd9.scm.southeastasia-01.azurewebsites.net" X-Forwarded-Proto="https" X-AppService-Proto="https" X-Forwarded-TlsVersion="1.3" X-WAWS-Unencoded-URL="/api/zipdeploy?isAsync=true&amp;deployer=GITHUB_ZIP_DEPLOY&amp;message=%7B%22type%22%3A%22deployment%22%2C%22sha%22%3A%2226b9ebc110d956ca2217517a8a5fa5706f6be27b%22%2C%22repoName%22%3A%22souchan25%2FvirtualHealthAssistant%22%2C%22actor%22%3A%22souchan25%22%2C%22slotName%22%3A%22production%22%2C%22commitMessage%22%3A%22Enhance%20comments%20in%20Azure%20deployment%20workflow%5Cn%5CnUpdated%20comments%20for%20clarity%20and%20improved%20deployment%20script.%22%7D" X-Client-IP="172.215.208.192" X-Client-Port="54272" >
  <step title="ZipPushDeploy" date="2026-02-15T12:11:52.772" >
    <step title="ZipDeploy. Extract zip. Remote build." date="2026-02-15T12:11:52.775" /><!-- duration: 2ms -->
    <step title="Starting PushDeployAsync" date="2026-02-15T12:11:52.780" /><!-- duration: 1ms -->
    <step title="Writing artifact to /tmp/zipdeploy/5d8a0601-39d7-41ae-a14b-fb9eeb00449f.zip" date="2026-02-15T12:11:52.796" >
      <step title="Writing multipart request body to /tmp/zipdeploy/5d8a0601-39d7-41ae-a14b-fb9eeb00449f.zip" date="2026-02-15T12:11:52.800" /><!-- duration: 7ms -->
    </step><!-- duration: 1105ms -->
    <step title="Removing previous build artifact&apos;s manifest file" date="2026-02-15T12:11:53.912" >
      <step title="Start deployment in the background" date="2026-02-15T12:11:53.929" >
        <step title="Acquiring Deployment Lock" date="2026-02-15T12:11:53.962" /><!-- duration: 1ms -->
        <step title="Acquired Deployment Lock" date="2026-02-15T12:11:53.983" /><!-- duration: 1ms -->
      </step><!-- duration: 113ms -->
    </step><!-- duration: 139ms -->
    <step title="Outgoing response" date="2026-02-15T12:11:54.085" type="response" statusCode="202" statusText="Accepted" /><!-- duration: 1ms -->
  </step><!-- duration: 1316ms -->
