<step title="Incoming Request" date="2026-02-15T12:03:25.693" instance="cbdd36" url="/api/deployments/latest?deployer=GITHUB_ZIP_DEPLOY&amp;time=2026-02-15_12-00-15Z" method="GET" type="request" pid="770,1,5" Host="cpsu-health-assistant-backend-htcmdma4efg3dfd9.scm.southeastasia-01.azurewebsites.net" User-Agent="GITHUBACTIONS_DeployWebAppToAzure_968d97079181a3c5d2199e62bb9bc4673270dd4658f735fad79931eaa4aea0d7" Authorization="Bas..." Content-Type="application/json; charset=utf-8" Cookie="ARRAffinity=cbdd362fa4ef45d234c6d90da32d24ba071c218e677864a8ea9a8caf7da74954;Path=/;HttpOnly;Secure;Domain=cpsu-health-assistant-backend-htcmdma4efg3dfd9.scm.southeastasia-01.azurewebsites.net; ARRAffinitySameSite=cbdd362fa4ef45d234c6d90da32d24ba071c218e677864a8ea9a8caf7da74954;Path=/;HttpOnly;SameSite=None;Secure;Domain=cpsu-health-assistant-backend-htcmdma4efg3dfd9.scm.southeastasia-01.azurewebsites.net" Content-Length="0" X-ARR-LOG-ID="44a7f90d-5e2a-411c-97cc-c3d079199385" CLIENT-IP="52.173.237.210:60434" X-SITE-DEPLOYMENT-ID="cpsu-health-assistant-backend" WAS-DEFAULT-HOSTNAME="cpsu-health-assistant-backend-htcmdma4efg3dfd9.scm.southeastasia-01.azurewebsites.net" X-Forwarded-Proto="https" X-AppService-Proto="https" X-Forwarded-TlsVersion="1.3" X-WAWS-Unencoded-URL="/api/deployments/latest?deployer=GITHUB_ZIP_DEPLOY&amp;time=2026-02-15_12-00-15Z" X-Client-IP="52.173.237.210" X-Client-Port="60434" >
  <step title="Cleanup Xml Logs" date="2026-02-15T12:03:25.702" >
    <step title="Cleanup Infos" date="2026-02-15T12:03:25.733" totalFiles="208" totalCleanup="48" /><!-- duration: 27ms -->
  </step><!-- duration: 68ms -->
  <step title="DeploymentService.GetResult" date="2026-02-15T12:03:26.215" >
    <step title="DeploymentService.GetLatestDeployment" date="2026-02-15T12:03:26.226" >
      <step title="DeploymentManager.GetResults" date="2026-02-15T12:03:26.394" /><!-- duration: 1756ms -->
    </step><!-- duration: 1951ms -->
  </step><!-- duration: 1974ms -->
  <step title="Outgoing response" date="2026-02-15T12:03:28.209" type="response" statusCode="202" statusText="Accepted" /><!-- duration: 10ms -->
</step><!-- duration: 2536ms -->
