<step title="Incoming Request" date="2026-02-15T13:57:35.470" instance="cbdd36" url="/api/deployments/latest?deployer=OneDeploy&amp;time=2026-02-15_13-57-26Z" method="GET" type="request" pid="770,1,34" Host="cpsu-health-assistant-backend-htcmdma4efg3dfd9.scm.southeastasia-01.azurewebsites.net" User-Agent="GITHUBACTIONS_DeployWebAppToAzure_968d97079181a3c5d2199e62bb9bc4673270dd4658f735fad79931eaa4aea0d7" Authorization="Bas..." Content-Type="application/json; charset=utf-8" Cookie="ARRAffinity=cbdd362fa4ef45d234c6d90da32d24ba071c218e677864a8ea9a8caf7da74954;Path=/;HttpOnly;Secure;Domain=cpsu-health-assistant-backend-htcmdma4efg3dfd9.scm.southeastasia-01.azurewebsites.net; ARRAffinitySameSite=cbdd362fa4ef45d234c6d90da32d24ba071c218e677864a8ea9a8caf7da74954;Path=/;HttpOnly;SameSite=None;Secure;Domain=cpsu-health-assistant-backend-htcmdma4efg3dfd9.scm.southeastasia-01.azurewebsites.net" Content-Length="0" X-ARR-LOG-ID="15c0ee28-eddc-41e2-ad8f-3d07bdded5fb" CLIENT-IP="68.154.38.18:50193" X-SITE-DEPLOYMENT-ID="cpsu-health-assistant-backend" WAS-DEFAULT-HOSTNAME="cpsu-health-assistant-backend-htcmdma4efg3dfd9.scm.southeastasia-01.azurewebsites.net" X-Forwarded-Proto="https" X-AppService-Proto="https" X-Forwarded-TlsVersion="1.3" X-WAWS-Unencoded-URL="/api/deployments/latest?deployer=OneDeploy&amp;time=2026-02-15_13-57-26Z" X-Client-IP="68.154.38.18" X-Client-Port="50193" >
  <step title="Cleanup Xml Logs" date="2026-02-15T13:57:35.473" >
    <step title="Cleanup Infos" date="2026-02-15T13:57:35.635" totalFiles="423" totalCleanup="263" /><!-- duration: 52ms -->
  </step><!-- duration: 263ms -->
  <step title="DeploymentService.GetResult" date="2026-02-15T13:57:35.779" >
    <step title="DeploymentService.GetLatestDeployment" date="2026-02-15T13:57:35.816" >
      <step title="DeploymentManager.GetResults" date="2026-02-15T13:57:35.849" /><!-- duration: 1526ms -->
    </step><!-- duration: 1569ms -->
  </step><!-- duration: 1609ms -->
  <step title="Outgoing response" date="2026-02-15T13:57:37.399" type="response" statusCode="202" statusText="Accepted" /><!-- duration: 3ms -->
</step><!-- duration: 1934ms -->
