<step title="BackgroundTrace" date="2026-02-15T13:57:26.639" instance="cbdd36" url="/api/publish" method="POST" >
  <step title="Creating temporary deployment - FetchDeploymentManager" date="2026-02-15T13:57:26.727" /><!-- duration: 1ms -->
  <step title="Creating temporary deployment" date="2026-02-15T13:57:26.731" /><!-- duration: 98ms -->
  <step title="Performing fetch based deployment" date="2026-02-15T13:57:26.884" >
    <step title="Cleaning up temp folders from previous zip deployments and extracting pushed zip file /tmp/zipdeploy/f6ec5cff-d27d-4f05-8336-7ae0ca3209bb.zip (2.38 MB) to /tmp/zipdeploy/extracted" date="2026-02-15T13:57:28.080" >
      <step title="ChmodRecursive Process exited with total time taken in ms: 109" date="2026-02-15T13:57:28.699" /><!-- duration: 2ms -->
    </step><!-- duration: 624ms -->
    <step title="Deployment timer started" date="2026-02-15T13:57:30.731" >
      <step title="DeploymentManager.Deploy(id:d2352744-81b1-4094-b9ae-71c68c85cab9)" date="2026-02-15T13:57:30.735" >
        <step title="Collecting changeset information" date="2026-02-15T13:57:30.774" /><!-- duration: 125ms -->
        <step title="Updating submodules" date="2026-02-15T13:57:30.902" /><!-- duration: 1187ms -->
        <step title="Determining deployment builder" date="2026-02-15T13:57:32.300" >
          <step title="Builder is OneDeployBuilder" date="2026-02-15T13:57:32.312" /><!-- duration: 2ms -->
        </step><!-- duration: 15ms -->
        <step title="PreDeployment: context.CleanOutputPath False" date="2026-02-15T13:57:32.381" >
          <step title="PreDeployment: context.OutputPath /home/site/wwwroot" date="2026-02-15T13:57:32.488" >
            <step title="Building" date="2026-02-15T13:57:32.607" >
              <step title="Executing external process" date="2026-02-15T13:57:33.119" type="process" path="starter.sh" arguments="/opt/Kudu/Scripts/parallel_rsync.sh /tmp/zipdeploy/extracted /home/site/wwwroot 8 /tmp/ False False  " /><!-- duration: 4986ms -->
              <step title="Modified file to trigger a restart of the app container." date="2026-02-15T13:57:38.467" /><!-- duration: 3ms -->
              <step title="Skip function trigger and logicapp sync because function is not enabled." date="2026-02-15T13:57:38.477" /><!-- duration: 2ms -->
            </step><!-- duration: 6913ms -->
          </step><!-- duration: 7043ms -->
          <step title="Cleaning up temp files" date="2026-02-15T13:57:39.533" /><!-- duration: 8ms -->
          <step title="Cleaning up temp files" date="2026-02-15T13:57:39.543" /><!-- duration: 510ms -->
          <step title="Reloading status file with latest updates" date="2026-02-15T13:57:40.079" >
            <step title="WebHooksManager.PublishEventAsync: PostDeployment" date="2026-02-15T13:57:40.082" /><!-- duration: 53ms -->
          </step><!-- duration: 57ms -->
          <step title="Cleaning up temporary deployment - fetch deployment was successful" date="2026-02-15T13:57:40.138" /><!-- duration: 4ms -->
        </step><!-- duration: 7884ms -->
      </step><!-- duration: 9537ms -->
