<step title="Incoming Request" date="2026-02-15T13:09:26.990" instance="cbdd36" url="/api/publish?async=true&amp;deployer=GITHUB_ONE_DEPLOY&amp;type=zip&amp;message=%7B%22type%22%3A%22deployment%22%2C%22sha%22%3A%22797571cbcfaf1aadf68a89870ae33a00ba1cb1dd%22%2C%22repoName%22%3A%22souchan25%2FvirtualHealthAssistant%22%2C%22actor%22%3A%22souchan25%22%2C%22slotName%22%3A%22production%22%2C%22commitMessage%22%3A%22Update%20WSGI%20config%20to%20include%20Django%20directory%5Cn%5CnAdded%20base%20directory%20to%20Python%20path%20for%20WSGI%20configuration.%22%7D" method="POST" type="request" pid="770,1,22" Host="cpsu-health-assistant-backend-htcmdma4efg3dfd9.scm.southeastasia-01.azurewebsites.net" User-Agent="GITHUBACTIONS_DeployWebAppToAzure_968d97079181a3c5d2199e62bb9bc4673270dd4658f735fad79931eaa4aea0d7" Authorization="Bas..." Content-Type="application/octet-stream" Cookie="ARRAffinity=cbdd362fa4ef45d234c6d90da32d24ba071c218e677864a8ea9a8caf7da74954;Path=/;HttpOnly;Secure;Domain=cpsu-health-assistant-backend-htcmdma4efg3dfd9.scm.southeastasia-01.azurewebsites.net; ARRAffinitySameSite=cbdd362fa4ef45d234c6d90da32d24ba071c218e677864a8ea9a8caf7da74954;Path=/;HttpOnly;SameSite=None;Secure;Domain=cpsu-health-assistant-backend-htcmdma4efg3dfd9.scm.southeastasia-01.azurewebsites.net" Transfer-Encoding="chunked" X-ARR-LOG-ID="2662ea81-2e2b-4896-9806-3b8f7cde0374" CLIENT-IP="172.182.226.209:14344" X-SITE-DEPLOYMENT-ID="cpsu-health-assistant-backend" WAS-DEFAULT-HOSTNAME="cpsu-health-assistant-backend-htcmdma4efg3dfd9.scm.southeastasia-01.azurewebsites.net" X-Forwarded-Proto="https" X-AppService-Proto="https" X-Forwarded-TlsVersion="1.3" X-WAWS-Unencoded-URL="/api/publish?async=true&amp;deployer=GITHUB_ONE_DEPLOY&amp;type=zip&amp;message=%7B%22type%22%3A%22deployment%22%2C%22sha%22%3A%22797571cbcfaf1aadf68a89870ae33a00ba1cb1dd%22%2C%22repoName%22%3A%22souchan25%2FvirtualHealthAssistant%22%2C%22actor%22%3A%22souchan25%22%2C%22slotName%22%3A%22production%22%2C%22commitMessage%22%3A%22Update%20WSGI%20config%20to%20include%20Django%20directory%5Cn%5CnAdded%20base%20directory%20to%20Python%20path%20for%20WSGI%20configuration.%22%7D" X-Client-IP="172.182.226.209" X-Client-Port="14344" >
  <step title="OneDeploy" date="2026-02-15T13:09:27.002" >
    <step title="Starting PushDeployAsync" date="2026-02-15T13:09:27.009" /><!-- duration: 2ms -->
    <step title="Writing artifact to /tmp/zipdeploy/761f597f-18d2-4cc1-90b9-7732ba8feed5.zip" date="2026-02-15T13:09:27.027" >
      <step title="Writing multipart request body to /tmp/zipdeploy/761f597f-18d2-4cc1-90b9-7732ba8feed5.zip" date="2026-02-15T13:09:27.030" /><!-- duration: 11ms -->
    </step><!-- duration: 1076ms -->
    <step title="Start deployment in the background" date="2026-02-15T13:09:28.126" >
      <step title="Acquiring Deployment Lock" date="2026-02-15T13:09:28.163" /><!-- duration: 10ms -->
      <step title="Acquired Deployment Lock" date="2026-02-15T13:09:28.220" /><!-- duration: 2ms -->
    </step><!-- duration: 151ms -->
  </step><!-- duration: 1277ms -->
  <step title="Outgoing response" date="2026-02-15T13:09:28.282" type="response" statusCode="202" statusText="Accepted" /><!-- duration: 2ms -->
</step><!-- duration: 1297ms -->
