<step title="BackgroundTrace" date="2026-02-15T11:29:05.392" instance="cbdd36" url="/api/zipdeploy" method="POST" >
  <step title="Creating temporary deployment - FetchDeploymentManager" date="2026-02-15T11:29:05.489" /><!-- duration: 2ms -->
  <step title="Creating temporary deployment" date="2026-02-15T11:29:05.494" /><!-- duration: 133ms -->
  <step title="Performing fetch based deployment" date="2026-02-15T11:29:05.676" >
    <step title="Cleaning up temp folders from previous zip deployments and extracting pushed zip file /tmp/zipdeploy/89b5185b-e0bc-49b7-abff-853e3946adf2.zip (3.05 MB) to /tmp/zipdeploy/extracted" date="2026-02-15T11:29:07.265" >
      <step title="ChmodRecursive Process exited with total time taken in ms: 379" date="2026-02-15T11:29:09.150" /><!-- duration: 39ms -->
    </step><!-- duration: 1953ms -->
    <step title="Deployment timer started" date="2026-02-15T11:29:11.252" >
      <step title="DeploymentManager.Deploy(id:0fbbdcb9-ecec-4d12-b3d9-30db49cfb575)" date="2026-02-15T11:29:11.260" >
        <step title="Collecting changeset information" date="2026-02-15T11:29:11.280" /><!-- duration: 291ms -->
        <step title="Updating submodules" date="2026-02-15T11:29:11.575" /><!-- duration: 1134ms -->
        <step title="Determining deployment builder" date="2026-02-15T11:29:12.933" >
          <step title="Builder is OryxBuilder" date="2026-02-15T11:29:12.954" /><!-- duration: 18ms -->
        </step><!-- duration: 50ms -->
        <step title="PreDeployment: context.CleanOutputPath False" date="2026-02-15T11:29:13.042" >
          <step title="PreDeployment: context.OutputPath /home/site/wwwroot" date="2026-02-15T11:29:13.198" >
            <step title="Building" date="2026-02-15T11:29:13.387" >
              <step title="Executing external process" date="2026-02-15T11:29:13.704" type="process" path="bash" arguments="-c &quot;oryx build /tmp/zipdeploy/extracted -o /home/site/wwwroot --platform python --platform-version 3.11 -p virtualenv_name=antenv --log-file /tmp/build-debug.log  -i /tmp/8de6c8571db94c0 --compress-destination-dir | tee /tmp/oryx-build.log ; exit $PIPESTATUS &quot;" /><!-- duration: 92159ms -->
              <step title="Using PythonDeploymentLogParser" date="2026-02-15T11:30:46.388" /><!-- duration: 19ms -->
              <step title="Triggering recycle (preview mode disabled)." date="2026-02-15T11:30:48.060" /><!-- duration: 11ms -->
              <step title="Modified file to trigger a restart of the app container." date="2026-02-15T11:30:48.112" /><!-- duration: 9ms -->
              <step title="Skip function trigger and logicapp sync because function is not enabled." date="2026-02-15T11:30:48.140" /><!-- duration: 7ms -->
            </step><!-- duration: 96038ms -->
          </step><!-- duration: 96230ms -->
          <step title="Cleaning up temp files" date="2026-02-15T11:30:49.446" /><!-- duration: 1987ms -->
          <step title="Cleaning up temp files" date="2026-02-15T11:30:51.436" /><!-- duration: 533ms -->
          <step title="Reloading status file with latest updates" date="2026-02-15T11:30:52.006" >
            <step title="WebHooksManager.PublishEventAsync: PostDeployment" date="2026-02-15T11:30:52.018" /><!-- duration: 140ms -->
          </step><!-- duration: 153ms -->
          <step title="Cleaning up temporary deployment - fetch deployment was successful" date="2026-02-15T11:30:52.177" /><!-- duration: 9ms -->
        </step><!-- duration: 99187ms -->
      </step><!-- duration: 101019ms -->
