<step title="Incoming Request" date="2026-02-15T12:40:19.599" instance="cbdd36" url="/api/deployments/latest?deployer=OneDeploy&amp;time=2026-02-15_12-40-12Z" method="GET" type="request" pid="770,1,17" Host="cpsu-health-assistant-backend-htcmdma4efg3dfd9.scm.southeastasia-01.azurewebsites.net" User-Agent="GITHUBACTIONS_DeployWebAppToAzure_968d97079181a3c5d2199e62bb9bc4673270dd4658f735fad79931eaa4aea0d7" Authorization="Bas..." Content-Type="application/json; charset=utf-8" Cookie="ARRAffinity=cbdd362fa4ef45d234c6d90da32d24ba071c218e677864a8ea9a8caf7da74954;Path=/;HttpOnly;Secure;Domain=cpsu-health-assistant-backend-htcmdma4efg3dfd9.scm.southeastasia-01.azurewebsites.net; ARRAffinitySameSite=cbdd362fa4ef45d234c6d90da32d24ba071c218e677864a8ea9a8caf7da74954;Path=/;HttpOnly;SameSite=None;Secure;Domain=cpsu-health-assistant-backend-htcmdma4efg3dfd9.scm.southeastasia-01.azurewebsites.net" Content-Length="0" X-ARR-LOG-ID="0f348d51-3b2e-40e9-87a7-b9ec0674106d" CLIENT-IP="132.196.19.18:54273" X-SITE-DEPLOYMENT-ID="cpsu-health-assistant-backend" WAS-DEFAULT-HOSTNAME="cpsu-health-assistant-backend-htcmdma4efg3dfd9.scm.southeastasia-01.azurewebsites.net" X-Forwarded-Proto="https" X-AppService-Proto="https" X-Forwarded-TlsVersion="1.3" X-WAWS-Unencoded-URL="/api/deployments/latest?deployer=OneDeploy&amp;time=2026-02-15_12-40-12Z" X-Client-IP="132.196.19.18" X-Client-Port="54273" >
  <step title="Cleanup Xml Logs" date="2026-02-15T12:40:19.602" >
    <step title="Cleanup Infos" date="2026-02-15T12:40:19.716" totalFiles="393" totalCleanup="233" /><!-- duration: 78ms -->
  </step><!-- duration: 224ms -->
  <step title="DeploymentService.GetResult" date="2026-02-15T12:40:19.979" >
    <step title="DeploymentService.GetLatestDeployment" date="2026-02-15T12:40:19.990" >
      <step title="DeploymentManager.GetResults" date="2026-02-15T12:40:20.141" /><!-- duration: 884ms -->
    </step><!-- duration: 1045ms -->
  </step><!-- duration: 1083ms -->
  <step title="Outgoing response" date="2026-02-15T12:40:21.074" type="response" statusCode="202" statusText="Accepted" /><!-- duration: 19ms -->
</step><!-- duration: 1497ms -->
