<step title="Incoming Request" date="2026-02-15T12:35:12.123" instance="cbdd36" url="/api/zipdeploy?isAsync=true&amp;deployer=GITHUB_ZIP_DEPLOY&amp;message=%7B%22type%22%3A%22deployment%22%2C%22sha%22%3A%2279c9b3cccda15ae674a8bb1cfce34ea0cf05f27d%22%2C%22repoName%22%3A%22souchan25%2FvirtualHealthAssistant%22%2C%22actor%22%3A%22souchan25%22%2C%22slotName%22%3A%22production%22%2C%22commitMessage%22%3A%22Refactor%20deployment%20script%20for%20clarity%20and%20checks%5Cn%5CnUpdated%20deployment%20script%20to%20improve%20clarity%20and%20structure%20checks%20for%20the%20health_assistant%20directory.%22%7D" method="POST" type="request" pid="770,1,3" Host="cpsu-health-assistant-backend-htcmdma4efg3dfd9.scm.southeastasia-01.azurewebsites.net" User-Agent="GITHUBACTIONS_DeployWebAppToAzure_968d97079181a3c5d2199e62bb9bc4673270dd4658f735fad79931eaa4aea0d7" Authorization="Bas..." Content-Type="application/octet-stream" Cookie="ARRAffinity=cbdd362fa4ef45d234c6d90da32d24ba071c218e677864a8ea9a8caf7da74954;Path=/;HttpOnly;Secure;Domain=cpsu-health-assistant-backend-htcmdma4efg3dfd9.scm.southeastasia-01.azurewebsites.net; ARRAffinitySameSite=cbdd362fa4ef45d234c6d90da32d24ba071c218e677864a8ea9a8caf7da74954;Path=/;HttpOnly;SameSite=None;Secure;Domain=cpsu-health-assistant-backend-htcmdma4efg3dfd9.scm.southeastasia-01.azurewebsites.net" Transfer-Encoding="chunked" X-ARR-LOG-ID="dfe8d03e-278d-4092-beec-ad1122cd003b" CLIENT-IP="172.182.209.57:1056" X-SITE-DEPLOYMENT-ID="cpsu-health-assistant-backend" WAS-DEFAULT-HOSTNAME="cpsu-health-assistant-backend-htcmdma4efg3dfd9.scm.southeastasia-01.azurewebsites.net" X-Forwarded-Proto="https" X-AppService-Proto="https" X-Forwarded-TlsVersion="1.3" X-WAWS-Unencoded-URL="/api/zipdeploy?isAsync=true&amp;deployer=GITHUB_ZIP_DEPLOY&amp;message=%7B%22type%22%3A%22deployment%22%2C%22sha%22%3A%2279c9b3cccda15ae674a8bb1cfce34ea0cf05f27d%22%2C%22repoName%22%3A%22souchan25%2FvirtualHealthAssistant%22%2C%22actor%22%3A%22souchan25%22%2C%22slotName%22%3A%22production%22%2C%22commitMessage%22%3A%22Refactor%20deployment%20script%20for%20clarity%20and%20checks%5Cn%5CnUpdated%20deployment%20script%20to%20improve%20clarity%20and%20structure%20checks%20for%20the%20health_assistant%20directory.%22%7D" X-Client-IP="172.182.209.57" X-Client-Port="1056" >
  <step title="Cleanup Xml Logs" date="2026-02-15T12:35:12.135" >
    <step title="Cleanup Infos" date="2026-02-15T12:35:12.234" totalFiles="342" totalCleanup="182" /><!-- duration: 20ms -->
  </step><!-- duration: 139ms -->
  <step title="ZipPushDeploy" date="2026-02-15T12:35:12.346" >
    <step title="ZipDeploy. Extract zip. Remote build." date="2026-02-15T12:35:12.377" /><!-- duration: 20ms -->
    <step title="Starting PushDeployAsync" date="2026-02-15T12:35:12.416" /><!-- duration: 9ms -->
    <step title="Writing artifact to /tmp/zipdeploy/dd046a19-bbd7-4546-9efa-5fee8312d03f.zip" date="2026-02-15T12:35:12.460" >
      <step title="Writing multipart request body to /tmp/zipdeploy/dd046a19-bbd7-4546-9efa-5fee8312d03f.zip" date="2026-02-15T12:35:12.474" /><!-- duration: 16ms -->
    </step><!-- duration: 766ms -->
    <step title="Start deployment in the background" date="2026-02-15T12:35:13.310" >
      <step title="Acquiring Deployment Lock" date="2026-02-15T12:35:13.340" /><!-- duration: 28ms -->
      <step title="Cannot Acquire Deployment Lock already held" date="2026-02-15T12:35:13.399" /><!-- duration: 9ms -->
    </step><!-- duration: 199ms -->
    <step title="There is a deployment currently in progress. Please try again when it completes." date="2026-02-15T12:35:13.518" /><!-- duration: 19ms -->
  </step><!-- duration: 1200ms -->
  <step title="Outgoing response" date="2026-02-15T12:35:13.548" type="response" statusCode="409" statusText="Conflict" /><!-- duration: 8ms -->
</step><!-- duration: 1482ms -->
