<step title="Incoming Request" date="2026-02-15T13:57:28.853" instance="cbdd36" url="/api/deployments/latest?deployer=OneDeploy&amp;time=2026-02-15_13-57-26Z" method="GET" type="request" pid="770,1,34" Host="cpsu-health-assistant-backend-htcmdma4efg3dfd9.scm.southeastasia-01.azurewebsites.net" User-Agent="GITHUBACTIONS_DeployWebAppToAzure_968d97079181a3c5d2199e62bb9bc4673270dd4658f735fad79931eaa4aea0d7" Authorization="Bas..." Content-Type="application/json; charset=utf-8" Cookie="ARRAffinity=cbdd362fa4ef45d234c6d90da32d24ba071c218e677864a8ea9a8caf7da74954;Path=/;HttpOnly;Secure;Domain=cpsu-health-assistant-backend-htcmdma4efg3dfd9.scm.southeastasia-01.azurewebsites.net; ARRAffinitySameSite=cbdd362fa4ef45d234c6d90da32d24ba071c218e677864a8ea9a8caf7da74954;Path=/;HttpOnly;SameSite=None;Secure;Domain=cpsu-health-assistant-backend-htcmdma4efg3dfd9.scm.southeastasia-01.azurewebsites.net" Content-Length="0" X-ARR-LOG-ID="fdf773ca-797f-4e21-aa4f-0e445f3ee7ac" CLIENT-IP="68.154.38.18:50192" X-SITE-DEPLOYMENT-ID="cpsu-health-assistant-backend" WAS-DEFAULT-HOSTNAME="cpsu-health-assistant-backend-htcmdma4efg3dfd9.scm.southeastasia-01.azurewebsites.net" X-Forwarded-Proto="https" X-AppService-Proto="https" X-Forwarded-TlsVersion="1.3" X-WAWS-Unencoded-URL="/api/deployments/latest?deployer=OneDeploy&amp;time=2026-02-15_13-57-26Z" X-Client-IP="68.154.38.18" X-Client-Port="50192" >
  <step title="Cleanup Xml Logs" date="2026-02-15T13:57:28.861" >
    <step title="Cleanup Infos" date="2026-02-15T13:57:28.869" totalFiles="422" totalCleanup="262" /><!-- duration: 2ms -->
  </step><!-- duration: 12ms -->
  <step title="DeploymentService.GetResult" date="2026-02-15T13:57:28.881" >
    <step title="DeploymentService.GetLatestDeployment" date="2026-02-15T13:57:28.883" >
      <step title="DeploymentManager.GetResults" date="2026-02-15T13:57:28.885" /><!-- duration: 528ms -->
    </step><!-- duration: 535ms -->
  </step><!-- duration: 544ms -->
  <step title="Outgoing response" date="2026-02-15T13:57:29.434" type="response" statusCode="202" statusText="Accepted" /><!-- duration: 2ms -->
</step><!-- duration: 584ms -->
