<step title="BackgroundTrace" date="2026-02-15T12:11:53.940" instance="cbdd36" url="/api/zipdeploy" method="POST" >
  <step title="Creating temporary deployment - FetchDeploymentManager" date="2026-02-15T12:11:53.986" /><!-- duration: 1ms -->
  <step title="Creating temporary deployment" date="2026-02-15T12:11:53.989" /><!-- duration: 52ms -->
  <step title="Performing fetch based deployment" date="2026-02-15T12:11:54.092" >
    <step title="Cleaning up temp folders from previous zip deployments and extracting pushed zip file /tmp/zipdeploy/5d8a0601-39d7-41ae-a14b-fb9eeb00449f.zip (3.05 MB) to /tmp/zipdeploy/extracted" date="2026-02-15T12:11:55.232" >
      <step title="ChmodRecursive Process exited with total time taken in ms: 52" date="2026-02-15T12:11:55.789" /><!-- duration: 29ms -->
    </step><!-- duration: 594ms -->
    <step title="Deployment timer started" date="2026-02-15T12:11:57.851" >
      <step title="DeploymentManager.Deploy(id:400a7033-98bb-4db0-8c24-4f04d53f3452)" date="2026-02-15T12:11:57.858" >
        <step title="Collecting changeset information" date="2026-02-15T12:11:57.879" /><!-- duration: 91ms -->
        <step title="Updating submodules" date="2026-02-15T12:11:57.973" /><!-- duration: 1129ms -->
        <step title="Determining deployment builder" date="2026-02-15T12:11:59.319" >
          <step title="Builder is OryxBuilder" date="2026-02-15T12:11:59.338" /><!-- duration: 11ms -->
        </step><!-- duration: 41ms -->
        <step title="PreDeployment: context.CleanOutputPath False" date="2026-02-15T12:11:59.423" >
          <step title="PreDeployment: context.OutputPath /home/site/wwwroot" date="2026-02-15T12:11:59.541" >
            <step title="Building" date="2026-02-15T12:11:59.694" >
              <step title="Executing external process" date="2026-02-15T12:11:59.984" type="process" path="bash" arguments="-c &quot;oryx build /tmp/zipdeploy/extracted -o /home/site/wwwroot --platform python --platform-version 3.11 -p virtualenv_name=antenv --log-file /tmp/build-debug.log  -i /tmp/8de6c8b6b8a8cf1 --compress-destination-dir | tee /tmp/oryx-build.log ; exit $PIPESTATUS &quot;" >
                <step title="Cpu: python3(1477,36.650s)+uv(1409,7.110s)+ts(1410,0.100s)+build.sh(1408,0.000s)+build.sh(1407,0.000s)+build.sh(1314,0.060s)+oryx(1290,4.830s)+tee(1291,0.000s)+bash(1289,0.000s)=total(48.750s)" date="2026-02-15T12:13:53.896" /><!-- duration: 18ms -->
                <step title="bash: no io activity for 61s, prev-cpu=-1.000s, current-cpu=48.750s" date="2026-02-15T12:13:53.926" /><!-- duration: 20ms -->
                <step title="Cpu: python3(1477,79.990s)+uv(1409,8.870s)+ts(1410,0.100s)+build.sh(1408,0.000s)+build.sh(1407,0.000s)+build.sh(1314,0.060s)+oryx(1290,4.870s)+tee(1291,0.000s)+bash(1289,0.000s)=total(93.890s)" date="2026-02-15T12:14:54.165" /><!-- duration: 19ms -->
                <step title="bash: no io activity for 121s, prev-cpu=48.750s, current-cpu=93.890s" date="2026-02-15T12:14:54.204" /><!-- duration: 9ms -->
                <step title="Cpu: zstd(1540,21.940s)+sh(1539,0.020s)+tar(1538,9.910s)+build.sh(1537,0.000s)+build.sh(1536,0.000s)+build.sh(1314,0.080s)+oryx(1290,5.350s)+tee(1291,0.000s)+bash(1289,0.000s)=total(37.280s)" date="2026-02-15T12:16:22.816" /><!-- duration: 207ms -->
                <step title="bash: no io activity for 61s, prev-cpu=-1.000s, current-cpu=37.280s" date="2026-02-15T12:16:23.052" /><!-- duration: 21ms -->
              </step><!-- duration: 282572ms -->
              <step title="Using PythonDeploymentLogParser" date="2026-02-15T12:16:42.964" /><!-- duration: 22ms -->
              <step title="Triggering recycle (preview mode disabled)." date="2026-02-15T12:16:44.829" /><!-- duration: 4ms -->
              <step title="Modified file to trigger a restart of the app container." date="2026-02-15T12:16:44.902" /><!-- duration: 2ms -->
              <step title="Skip function trigger and logicapp sync because function is not enabled." date="2026-02-15T12:16:44.906" /><!-- duration: 2ms -->
              <step title="Purge deployment items" date="2026-02-15T12:16:45.800" >
                <step title="Remove e741e3e5-, Failed, received at 02/15/2026 11:54:26" date="2026-02-15T12:16:45.883" /><!-- duration: 7ms -->
              </step><!-- duration: 91ms -->
            </step><!-- duration: 286269ms -->
          </step><!-- duration: 286438ms -->
          <step title="Cleaning up temp files" date="2026-02-15T12:16:45.983" /><!-- duration: 9428ms -->
          <step title="Cleaning up temp files" date="2026-02-15T12:16:55.415" /><!-- duration: 509ms -->
          <step title="Reloading status file with latest updates" date="2026-02-15T12:16:55.945" >
            <step title="WebHooksManager.PublishEventAsync: PostDeployment" date="2026-02-15T12:16:55.960" /><!-- duration: 65ms -->
          </step><!-- duration: 81ms -->
          <step title="Cleaning up temporary deployment - fetch deployment was successful" date="2026-02-15T12:16:56.039" /><!-- duration: 2ms -->
        </step><!-- duration: 296667ms -->
      </step><!-- duration: 298241ms -->
