<step title="Incoming Request" date="2026-02-15T12:32:28.942" instance="cbdd36" url="/api/zipdeploy?isAsync=true&amp;deployer=GITHUB_ZIP_DEPLOY&amp;message=%7B%22type%22%3A%22deployment%22%2C%22sha%22%3A%2226b9ebc110d956ca2217517a8a5fa5706f6be27b%22%2C%22repoName%22%3A%22souchan25%2FvirtualHealthAssistant%22%2C%22actor%22%3A%22souchan25%22%2C%22slotName%22%3A%22production%22%2C%22commitMessage%22%3A%22Enhance%20comments%20in%20Azure%20deployment%20workflow%5Cn%5CnUpdated%20comments%20for%20clarity%20and%20improved%20deployment%20script.%22%7D" method="POST" type="request" pid="770,1,32" Host="cpsu-health-assistant-backend-htcmdma4efg3dfd9.scm.southeastasia-01.azurewebsites.net" User-Agent="GITHUBACTIONS_DeployWebAppToAzure_968d97079181a3c5d2199e62bb9bc4673270dd4658f735fad79931eaa4aea0d7" Authorization="Bas..." Content-Type="application/octet-stream" Cookie="ARRAffinity=cbdd362fa4ef45d234c6d90da32d24ba071c218e677864a8ea9a8caf7da74954;Path=/;HttpOnly;Secure;Domain=cpsu-health-assistant-backend-htcmdma4efg3dfd9.scm.southeastasia-01.azurewebsites.net; ARRAffinitySameSite=cbdd362fa4ef45d234c6d90da32d24ba071c218e677864a8ea9a8caf7da74954;Path=/;HttpOnly;SameSite=None;Secure;Domain=cpsu-health-assistant-backend-htcmdma4efg3dfd9.scm.southeastasia-01.azurewebsites.net" Transfer-Encoding="chunked" X-ARR-LOG-ID="ee9bb122-ebdf-4644-ae14-c786a3d67f02" CLIENT-IP="64.236.143.36:59416" X-SITE-DEPLOYMENT-ID="cpsu-health-assistant-backend" WAS-DEFAULT-HOSTNAME="cpsu-health-assistant-backend-htcmdma4efg3dfd9.scm.southeastasia-01.azurewebsites.net" X-Forwarded-Proto="https" X-AppService-Proto="https" X-Forwarded-TlsVersion="1.3" X-WAWS-Unencoded-URL="/api/zipdeploy?isAsync=true&amp;deployer=GITHUB_ZIP_DEPLOY&amp;message=%7B%22type%22%3A%22deployment%22%2C%22sha%22%3A%2226b9ebc110d956ca2217517a8a5fa5706f6be27b%22%2C%22repoName%22%3A%22souchan25%2FvirtualHealthAssistant%22%2C%22actor%22%3A%22souchan25%22%2C%22slotName%22%3A%22production%22%2C%22commitMessage%22%3A%22Enhance%20comments%20in%20Azure%20deployment%20workflow%5Cn%5CnUpdated%20comments%20for%20clarity%20and%20improved%20deployment%20script.%22%7D" X-Client-IP="64.236.143.36" X-Client-Port="59416" >
  <step title="ZipPushDeploy" date="2026-02-15T12:32:28.952" >
    <step title="ZipDeploy. Extract zip. Remote build." date="2026-02-15T12:32:28.964" /><!-- duration: 7ms -->
    <step title="Starting PushDeployAsync" date="2026-02-15T12:32:28.975" /><!-- duration: 1ms -->
    <step title="Writing artifact to /tmp/zipdeploy/024eb4d7-b982-4a8b-9b4a-960cd0d24af9.zip" date="2026-02-15T12:32:28.990" >
      <step title="Writing multipart request body to /tmp/zipdeploy/024eb4d7-b982-4a8b-9b4a-960cd0d24af9.zip" date="2026-02-15T12:32:29.001" /><!-- duration: 8ms -->
    </step><!-- duration: 1244ms -->
    <step title="Removing previous build artifact&apos;s manifest file" date="2026-02-15T12:32:30.246" >
      <step title="Start deployment in the background" date="2026-02-15T12:32:30.291" >
        <step title="Acquiring Deployment Lock" date="2026-02-15T12:32:30.314" /><!-- duration: 7ms -->
        <step title="Acquired Deployment Lock" date="2026-02-15T12:32:30.383" /><!-- duration: 2ms -->
      </step><!-- duration: 132ms -->
    </step><!-- duration: 181ms -->
    <step title="Outgoing response" date="2026-02-15T12:32:30.429" type="response" statusCode="202" statusText="Accepted" /><!-- duration: 3ms -->
  </step><!-- duration: 1481ms -->
