<step title="Incoming Request" date="2026-02-15T12:38:55.984" instance="cbdd36" url="/api/deployments/latest?deployer=GITHUB_ZIP_DEPLOY&amp;time=2026-02-15_12-32-30Z" method="GET" type="request" pid="770,1,7" Host="cpsu-health-assistant-backend-htcmdma4efg3dfd9.scm.southeastasia-01.azurewebsites.net" User-Agent="GITHUBACTIONS_DeployWebAppToAzure_968d97079181a3c5d2199e62bb9bc4673270dd4658f735fad79931eaa4aea0d7" Authorization="Bas..." Content-Type="application/json; charset=utf-8" Cookie="ARRAffinity=cbdd362fa4ef45d234c6d90da32d24ba071c218e677864a8ea9a8caf7da74954;Path=/;HttpOnly;Secure;Domain=cpsu-health-assistant-backend-htcmdma4efg3dfd9.scm.southeastasia-01.azurewebsites.net; ARRAffinitySameSite=cbdd362fa4ef45d234c6d90da32d24ba071c218e677864a8ea9a8caf7da74954;Path=/;HttpOnly;SameSite=None;Secure;Domain=cpsu-health-assistant-backend-htcmdma4efg3dfd9.scm.southeastasia-01.azurewebsites.net" Content-Length="0" X-ARR-LOG-ID="32eed4fd-bbe4-4252-ac2e-1cffb2b884bc" CLIENT-IP="64.236.143.36:59417" X-SITE-DEPLOYMENT-ID="cpsu-health-assistant-backend" WAS-DEFAULT-HOSTNAME="cpsu-health-assistant-backend-htcmdma4efg3dfd9.scm.southeastasia-01.azurewebsites.net" X-Forwarded-Proto="https" X-AppService-Proto="https" X-Forwarded-TlsVersion="1.3" X-WAWS-Unencoded-URL="/api/deployments/latest?deployer=GITHUB_ZIP_DEPLOY&amp;time=2026-02-15_12-32-30Z" X-Client-IP="64.236.143.36" X-Client-Port="59417" >
  <step title="Cleanup Xml Logs" date="2026-02-15T12:38:55.992" >
    <step title="Cleanup Infos" date="2026-02-15T12:38:56.003" totalFiles="386" totalCleanup="226" /><!-- duration: 3ms -->
  </step><!-- duration: 19ms -->
  <step title="DeploymentService.GetResult" date="2026-02-15T12:38:56.021" >
    <step title="DeploymentService.GetLatestDeployment" date="2026-02-15T12:38:56.023" >
      <step title="DeploymentManager.GetResults" date="2026-02-15T12:38:56.041" /><!-- duration: 440ms -->
    </step><!-- duration: 470ms -->
  </step><!-- duration: 474ms -->
  <step title="Outgoing response" date="2026-02-15T12:38:56.503" type="response" statusCode="202" statusText="Accepted" /><!-- duration: 2ms -->
</step><!-- duration: 522ms -->
