<step title="Incoming Request" date="2026-02-15T14:20:54.031" instance="cbdd36" url="/api/deployments/latest?deployer=OneDeploy&amp;time=2026-02-15_14-20-53Z" method="GET" type="request" pid="768,1,18" Host="cpsu-health-assistant-backend-htcmdma4efg3dfd9.scm.southeastasia-01.azurewebsites.net" User-Agent="GITHUBACTIONS_DeployWebAppToAzure_968d97079181a3c5d2199e62bb9bc4673270dd4658f735fad79931eaa4aea0d7" Authorization="Bas..." Content-Type="application/json; charset=utf-8" Cookie="ARRAffinity=cbdd362fa4ef45d234c6d90da32d24ba071c218e677864a8ea9a8caf7da74954;Path=/;HttpOnly;Secure;Domain=cpsu-health-assistant-backend-htcmdma4efg3dfd9.scm.southeastasia-01.azurewebsites.net; ARRAffinitySameSite=cbdd362fa4ef45d234c6d90da32d24ba071c218e677864a8ea9a8caf7da74954;Path=/;HttpOnly;SameSite=None;Secure;Domain=cpsu-health-assistant-backend-htcmdma4efg3dfd9.scm.southeastasia-01.azurewebsites.net" Content-Length="0" X-ARR-LOG-ID="6414951e-aa20-4f2e-b310-f8ca7522ce18" CLIENT-IP="172.208.126.100:25600" X-SITE-DEPLOYMENT-ID="cpsu-health-assistant-backend" WAS-DEFAULT-HOSTNAME="cpsu-health-assistant-backend-htcmdma4efg3dfd9.scm.southeastasia-01.azurewebsites.net" X-Forwarded-Proto="https" X-AppService-Proto="https" X-Forwarded-TlsVersion="1.3" X-WAWS-Unencoded-URL="/api/deployments/latest?deployer=OneDeploy&amp;time=2026-02-15_14-20-53Z" X-Client-IP="172.208.126.100" X-Client-Port="25600" >
  <step title="Cleanup Xml Logs" date="2026-02-15T14:20:54.033" >
    <step title="Cleanup Infos" date="2026-02-15T14:20:54.039" totalFiles="437" totalCleanup="277" /><!-- duration: 4ms -->
  </step><!-- duration: 11ms -->
  <step title="DeploymentService.GetResult" date="2026-02-15T14:20:54.053" >
    <step title="DeploymentService.GetLatestDeployment" date="2026-02-15T14:20:54.055" >
      <step title="DeploymentManager.GetResults" date="2026-02-15T14:20:54.056" /><!-- duration: 530ms -->
    </step><!-- duration: 540ms -->
  </step><!-- duration: 544ms -->
  <step title="Outgoing response" date="2026-02-15T14:20:54.606" type="response" statusCode="202" statusText="Accepted" /><!-- duration: 9ms -->
</step><!-- duration: 586ms -->
