<step title="Incoming Request" date="2026-02-15T11:29:04.392" instance="cbdd36" url="/api/zipdeploy?isAsync=true&amp;deployer=GITHUB_ZIP_DEPLOY&amp;message=%7B%22type%22%3A%22deployment%22%2C%22sha%22%3A%227dc52499584043dc8c10e9c9bc7d6c7c83b425fb%22%2C%22repoName%22%3A%22souchan25%2FvirtualHealthAssistant%22%2C%22actor%22%3A%22souchan25%22%2C%22slotName%22%3A%22production%22%2C%22commitMessage%22%3A%22Upgrade%20upload%20and%20download%20artifact%20actions%20to%20v4%22%7D" method="POST" type="request" pid="768,1,24" Host="cpsu-health-assistant-backend-htcmdma4efg3dfd9.scm.southeastasia-01.azurewebsites.net" User-Agent="GITHUBACTIONS_DeployWebAppToAzure_968d97079181a3c5d2199e62bb9bc4673270dd4658f735fad79931eaa4aea0d7" Authorization="Bas..." Content-Type="application/octet-stream" Cookie="ARRAffinity=cbdd362fa4ef45d234c6d90da32d24ba071c218e677864a8ea9a8caf7da74954;Path=/;HttpOnly;Secure;Domain=cpsu-health-assistant-backend-htcmdma4efg3dfd9.scm.southeastasia-01.azurewebsites.net; ARRAffinitySameSite=cbdd362fa4ef45d234c6d90da32d24ba071c218e677864a8ea9a8caf7da74954;Path=/;HttpOnly;SameSite=None;Secure;Domain=cpsu-health-assistant-backend-htcmdma4efg3dfd9.scm.southeastasia-01.azurewebsites.net" Transfer-Encoding="chunked" X-ARR-LOG-ID="ab862850-2e10-4653-97c0-d6e07ad963fa" CLIENT-IP="172.184.220.145:51200" X-SITE-DEPLOYMENT-ID="cpsu-health-assistant-backend" WAS-DEFAULT-HOSTNAME="cpsu-health-assistant-backend-htcmdma4efg3dfd9.scm.southeastasia-01.azurewebsites.net" X-Forwarded-Proto="https" X-AppService-Proto="https" X-Forwarded-TlsVersion="1.3" X-WAWS-Unencoded-URL="/api/zipdeploy?isAsync=true&amp;deployer=GITHUB_ZIP_DEPLOY&amp;message=%7B%22type%22%3A%22deployment%22%2C%22sha%22%3A%227dc52499584043dc8c10e9c9bc7d6c7c83b425fb%22%2C%22repoName%22%3A%22souchan25%2FvirtualHealthAssistant%22%2C%22actor%22%3A%22souchan25%22%2C%22slotName%22%3A%22production%22%2C%22commitMessage%22%3A%22Upgrade%20upload%20and%20download%20artifact%20actions%20to%20v4%22%7D" X-Client-IP="172.184.220.145" X-Client-Port="51200" >
  <step title="ZipPushDeploy" date="2026-02-15T11:29:04.484" >
    <step title="ZipDeploy. Extract zip. Remote build." date="2026-02-15T11:29:04.498" /><!-- duration: 2ms -->
    <step title="None repository commit" date="2026-02-15T11:29:04.508" >
      <step title="Commit id: 0fbbdcb9-ecec-4d12-b3d9-30db49cfb575" date="2026-02-15T11:29:04.510" Message="N/A" AuthorName="N/A" AuthorEmail="N/A" /><!-- duration: 2ms -->
    </step><!-- duration: 5ms -->
    <step title="Starting PushDeployAsync" date="2026-02-15T11:29:04.515" /><!-- duration: 1ms -->
    <step title="Writing artifact to /tmp/zipdeploy/89b5185b-e0bc-49b7-abff-853e3946adf2.zip" date="2026-02-15T11:29:04.534" >
      <step title="Writing multipart request body to /tmp/zipdeploy/89b5185b-e0bc-49b7-abff-853e3946adf2.zip" date="2026-02-15T11:29:04.543" /><!-- duration: 2ms -->
    </step><!-- duration: 838ms -->
    <step title="Start deployment in the background" date="2026-02-15T11:29:05.388" >
      <step title="Acquiring Deployment Lock" date="2026-02-15T11:29:05.440" /><!-- duration: 4ms -->
      <step title="Acquired Deployment Lock" date="2026-02-15T11:29:05.484" /><!-- duration: 3ms -->
    </step><!-- duration: 242ms -->
  </step><!-- duration: 1159ms -->
  <step title="Outgoing response" date="2026-02-15T11:29:05.655" type="response" statusCode="202" statusText="Accepted" /><!-- duration: 3ms -->
</step><!-- duration: 1274ms -->
