<step title="Incoming Request" date="2026-02-15T12:06:56.550" instance="cbdd36" url="/api/zipdeploy?isAsync=true&amp;deployer=GITHUB_ZIP_DEPLOY&amp;message=%7B%22type%22%3A%22deployment%22%2C%22sha%22%3A%227ea7235ef991a3952c2afa36b5ed89463e44596f%22%2C%22repoName%22%3A%22souchan25%2FvirtualHealthAssistant%22%2C%22actor%22%3A%22souchan25%22%2C%22slotName%22%3A%22production%22%2C%22commitMessage%22%3A%22Enhance%20deployment%20package%20verification%20in%20workflow%5Cn%5CnUpdated%20deployment%20script%20to%20include%20verification%20of%20health_assistant%20directory%20and%20improved%20echo%20statements.%22%7D" method="POST" type="request" pid="770,1,21" Host="cpsu-health-assistant-backend-htcmdma4efg3dfd9.scm.southeastasia-01.azurewebsites.net" User-Agent="GITHUBACTIONS_DeployWebAppToAzure_968d97079181a3c5d2199e62bb9bc4673270dd4658f735fad79931eaa4aea0d7" Authorization="Bas..." Content-Type="application/octet-stream" Cookie="ARRAffinity=cbdd362fa4ef45d234c6d90da32d24ba071c218e677864a8ea9a8caf7da74954;Path=/;HttpOnly;Secure;Domain=cpsu-health-assistant-backend-htcmdma4efg3dfd9.scm.southeastasia-01.azurewebsites.net; ARRAffinitySameSite=cbdd362fa4ef45d234c6d90da32d24ba071c218e677864a8ea9a8caf7da74954;Path=/;HttpOnly;SameSite=None;Secure;Domain=cpsu-health-assistant-backend-htcmdma4efg3dfd9.scm.southeastasia-01.azurewebsites.net" Transfer-Encoding="chunked" X-ARR-LOG-ID="f104c09f-6354-44f4-ac3c-210d3f2ad05c" CLIENT-IP="172.182.202.193:49089" X-SITE-DEPLOYMENT-ID="cpsu-health-assistant-backend" WAS-DEFAULT-HOSTNAME="cpsu-health-assistant-backend-htcmdma4efg3dfd9.scm.southeastasia-01.azurewebsites.net" X-Forwarded-Proto="https" X-AppService-Proto="https" X-Forwarded-TlsVersion="1.3" X-WAWS-Unencoded-URL="/api/zipdeploy?isAsync=true&amp;deployer=GITHUB_ZIP_DEPLOY&amp;message=%7B%22type%22%3A%22deployment%22%2C%22sha%22%3A%227ea7235ef991a3952c2afa36b5ed89463e44596f%22%2C%22repoName%22%3A%22souchan25%2FvirtualHealthAssistant%22%2C%22actor%22%3A%22souchan25%22%2C%22slotName%22%3A%22production%22%2C%22commitMessage%22%3A%22Enhance%20deployment%20package%20verification%20in%20workflow%5Cn%5CnUpdated%20deployment%20script%20to%20include%20verification%20of%20health_assistant%20directory%20and%20improved%20echo%20statements.%22%7D" X-Client-IP="172.182.202.193" X-Client-Port="49089" >
  <step title="Cleanup Xml Logs" date="2026-02-15T12:06:56.571" >
    <step title="Cleanup Infos" date="2026-02-15T12:06:56.611" totalFiles="245" totalCleanup="85" /><!-- duration: 2ms -->
  </step><!-- duration: 44ms -->
  <step title="ZipPushDeploy" date="2026-02-15T12:06:56.621" >
    <step title="ZipDeploy. Extract zip. Remote build." date="2026-02-15T12:06:56.624" /><!-- duration: 1ms -->
    <step title="Starting PushDeployAsync" date="2026-02-15T12:06:56.630" /><!-- duration: 21ms -->
    <step title="Writing artifact to /tmp/zipdeploy/b498b178-8ffb-42b5-9fde-8ad614f53a38.zip" date="2026-02-15T12:06:56.678" >
      <step title="Writing multipart request body to /tmp/zipdeploy/b498b178-8ffb-42b5-9fde-8ad614f53a38.zip" date="2026-02-15T12:06:56.681" /><!-- duration: 2ms -->
    </step><!-- duration: 977ms -->
    <step title="Start deployment in the background" date="2026-02-15T12:06:57.693" >
      <step title="Acquiring Deployment Lock" date="2026-02-15T12:06:57.726" /><!-- duration: 19ms -->
      <step title="Cannot Acquire Deployment Lock already held" date="2026-02-15T12:06:57.773" /><!-- duration: 11ms -->
    </step><!-- duration: 149ms -->
    <step title="There is a deployment currently in progress. Please try again when it completes." date="2026-02-15T12:06:57.844" /><!-- duration: 7ms -->
  </step><!-- duration: 1251ms -->
  <step title="Outgoing response" date="2026-02-15T12:06:57.893" type="response" statusCode="409" statusText="Conflict" /><!-- duration: 8ms -->
</step><!-- duration: 1363ms -->
