<step title="Incoming Request" date="2026-02-15T12:07:13.672" instance="cbdd36" url="/api/zipdeploy?isAsync=true&amp;deployer=GITHUB_ZIP_DEPLOY&amp;message=%7B%22type%22%3A%22deployment%22%2C%22sha%22%3A%227ea7235ef991a3952c2afa36b5ed89463e44596f%22%2C%22repoName%22%3A%22souchan25%2FvirtualHealthAssistant%22%2C%22actor%22%3A%22souchan25%22%2C%22slotName%22%3A%22production%22%2C%22commitMessage%22%3A%22Enhance%20deployment%20package%20verification%20in%20workflow%5Cn%5CnUpdated%20deployment%20script%20to%20include%20verification%20of%20health_assistant%20directory%20and%20improved%20echo%20statements.%22%7D" method="POST" type="request" pid="770,1,20" Host="cpsu-health-assistant-backend-htcmdma4efg3dfd9.scm.southeastasia-01.azurewebsites.net" User-Agent="GITHUBACTIONS_DeployWebAppToAzure_968d97079181a3c5d2199e62bb9bc4673270dd4658f735fad79931eaa4aea0d7" Authorization="Bas..." Content-Type="application/octet-stream" Cookie="ARRAffinity=cbdd362fa4ef45d234c6d90da32d24ba071c218e677864a8ea9a8caf7da74954;Path=/;HttpOnly;Secure;Domain=cpsu-health-assistant-backend-htcmdma4efg3dfd9.scm.southeastasia-01.azurewebsites.net; ARRAffinitySameSite=cbdd362fa4ef45d234c6d90da32d24ba071c218e677864a8ea9a8caf7da74954;Path=/;HttpOnly;SameSite=None;Secure;Domain=cpsu-health-assistant-backend-htcmdma4efg3dfd9.scm.southeastasia-01.azurewebsites.net" Transfer-Encoding="chunked" X-ARR-LOG-ID="c87e05f5-9da4-4f7c-b43d-42f4dd6e2e4d" CLIENT-IP="172.182.202.193:49088" X-SITE-DEPLOYMENT-ID="cpsu-health-assistant-backend" WAS-DEFAULT-HOSTNAME="cpsu-health-assistant-backend-htcmdma4efg3dfd9.scm.southeastasia-01.azurewebsites.net" X-Forwarded-Proto="https" X-AppService-Proto="https" X-Forwarded-TlsVersion="1.3" X-WAWS-Unencoded-URL="/api/zipdeploy?isAsync=true&amp;deployer=GITHUB_ZIP_DEPLOY&amp;message=%7B%22type%22%3A%22deployment%22%2C%22sha%22%3A%227ea7235ef991a3952c2afa36b5ed89463e44596f%22%2C%22repoName%22%3A%22souchan25%2FvirtualHealthAssistant%22%2C%22actor%22%3A%22souchan25%22%2C%22slotName%22%3A%22production%22%2C%22commitMessage%22%3A%22Enhance%20deployment%20package%20verification%20in%20workflow%5Cn%5CnUpdated%20deployment%20script%20to%20include%20verification%20of%20health_assistant%20directory%20and%20improved%20echo%20statements.%22%7D" X-Client-IP="172.182.202.193" X-Client-Port="49088" >
  <step title="ZipPushDeploy" date="2026-02-15T12:07:13.703" >
    <step title="ZipDeploy. Extract zip. Remote build." date="2026-02-15T12:07:13.742" /><!-- duration: 129ms -->
    <step title="Starting PushDeployAsync" date="2026-02-15T12:07:13.890" /><!-- duration: 39ms -->
    <step title="Writing artifact to /tmp/zipdeploy/e7252cdf-cdcf-4276-866d-efeb3d0123b2.zip" date="2026-02-15T12:07:13.979" >
      <step title="Writing multipart request body to /tmp/zipdeploy/e7252cdf-cdcf-4276-866d-efeb3d0123b2.zip" date="2026-02-15T12:07:13.981" /><!-- duration: 8ms -->
    </step><!-- duration: 130ms -->
    <step title="Start deployment in the background" date="2026-02-15T12:07:14.166" >
      <step title="Acquiring Deployment Lock" date="2026-02-15T12:07:14.224" /><!-- duration: 21ms -->
      <step title="Cannot Acquire Deployment Lock already held" date="2026-02-15T12:07:14.264" /><!-- duration: 2ms -->
    </step><!-- duration: 278ms -->
    <step title="There is a deployment currently in progress. Please try again when it completes." date="2026-02-15T12:07:14.500" /><!-- duration: 48ms -->
  </step><!-- duration: 858ms -->
  <step title="Outgoing response" date="2026-02-15T12:07:14.701" type="response" statusCode="409" statusText="Conflict" /><!-- duration: 23ms -->
</step><!-- duration: 1132ms -->
