<step title="Incoming Request" date="2026-02-15T13:02:23.428" instance="cbdd36" url="/api/deployments/latest?deployer=OneDeploy&amp;time=2026-02-15_13-02-09Z" method="GET" type="request" pid="770,1,32" Host="cpsu-health-assistant-backend-htcmdma4efg3dfd9.scm.southeastasia-01.azurewebsites.net" User-Agent="GITHUBACTIONS_DeployWebAppToAzure_968d97079181a3c5d2199e62bb9bc4673270dd4658f735fad79931eaa4aea0d7" Authorization="Bas..." Content-Type="application/json; charset=utf-8" Cookie="ARRAffinity=cbdd362fa4ef45d234c6d90da32d24ba071c218e677864a8ea9a8caf7da74954;Path=/;HttpOnly;Secure;Domain=cpsu-health-assistant-backend-htcmdma4efg3dfd9.scm.southeastasia-01.azurewebsites.net; ARRAffinitySameSite=cbdd362fa4ef45d234c6d90da32d24ba071c218e677864a8ea9a8caf7da74954;Path=/;HttpOnly;SameSite=None;Secure;Domain=cpsu-health-assistant-backend-htcmdma4efg3dfd9.scm.southeastasia-01.azurewebsites.net" Content-Length="0" X-ARR-LOG-ID="baca8278-cb06-4940-af72-082e09a3c9d8" CLIENT-IP="172.182.195.178:64528" X-SITE-DEPLOYMENT-ID="cpsu-health-assistant-backend" WAS-DEFAULT-HOSTNAME="cpsu-health-assistant-backend-htcmdma4efg3dfd9.scm.southeastasia-01.azurewebsites.net" X-Forwarded-Proto="https" X-AppService-Proto="https" X-Forwarded-TlsVersion="1.3" X-WAWS-Unencoded-URL="/api/deployments/latest?deployer=OneDeploy&amp;time=2026-02-15_13-02-09Z" X-Client-IP="172.182.195.178" X-Client-Port="64528" >
  <step title="Cleanup Xml Logs" date="2026-02-15T13:02:23.477" >
    <step title="Cleanup Infos" date="2026-02-15T13:02:23.595" totalFiles="401" totalCleanup="241" /><!-- duration: 30ms -->
  </step><!-- duration: 169ms -->
  <step title="DeploymentService.GetResult" date="2026-02-15T13:02:23.678" >
    <step title="DeploymentService.GetLatestDeployment" date="2026-02-15T13:02:23.705" >
      <step title="DeploymentManager.GetResults" date="2026-02-15T13:02:23.726" /><!-- duration: 2242ms -->
    </step><!-- duration: 2454ms -->
  </step><!-- duration: 2550ms -->
  <step title="Outgoing response" date="2026-02-15T13:02:26.287" type="response" statusCode="202" statusText="Accepted" /><!-- duration: 126ms -->
</step><!-- duration: 3025ms -->
