<step title="BackgroundTrace" date="2026-02-15T11:54:21.866" instance="cbdd36" url="/api/zipdeploy" method="POST" >
  <step title="Cleanup Xml Logs" date="2026-02-15T11:54:21.868" /><!-- duration: 38ms -->
  <step title="Creating temporary deployment - FetchDeploymentManager" date="2026-02-15T11:54:22.019" /><!-- duration: 1ms -->
  <step title="Creating temporary deployment" date="2026-02-15T11:54:22.028" /><!-- duration: 93ms -->
  <step title="Performing fetch based deployment" date="2026-02-15T11:54:22.160" >
    <step title="Cleaning up temp folders from previous zip deployments and extracting pushed zip file /tmp/zipdeploy/1c8817db-b7f9-4401-a749-cb64a20fd8bb.zip (3.02 MB) to /tmp/zipdeploy/extracted" date="2026-02-15T11:54:23.469" >
      <step title="ChmodRecursive Process exited with total time taken in ms: 77" date="2026-02-15T11:54:24.019" /><!-- duration: 15ms -->
    </step><!-- duration: 569ms -->
    <step title="Deployment timer started" date="2026-02-15T11:54:26.047" >
      <step title="DeploymentManager.Deploy(id:e741e3e5-aa00-47eb-ba2f-fa7a08b09a11)" date="2026-02-15T11:54:26.058" >
        <step title="Collecting changeset information" date="2026-02-15T11:54:26.108" /><!-- duration: 87ms -->
        <step title="Updating submodules" date="2026-02-15T11:54:26.202" /><!-- duration: 1142ms -->
        <step title="Determining deployment builder" date="2026-02-15T11:54:27.557" >
          <step title="Builder is OryxBuilder" date="2026-02-15T11:54:27.570" /><!-- duration: 9ms -->
        </step><!-- duration: 57ms -->
        <step title="PreDeployment: context.CleanOutputPath False" date="2026-02-15T11:54:27.670" >
          <step title="PreDeployment: context.OutputPath /home/site/wwwroot" date="2026-02-15T11:54:27.800" >
            <step title="Building" date="2026-02-15T11:54:27.972" >
              <step title="Executing external process" date="2026-02-15T11:54:28.294" type="process" path="bash" arguments="-c &quot;oryx build /tmp/zipdeploy/extracted -o /home/site/wwwroot --platform python --platform-version 3.11 -p virtualenv_name=antenv --log-file /tmp/build-debug.log  -i /tmp/8de6c88f8a5c80f --compress-destination-dir | tee /tmp/oryx-build.log ; exit $PIPESTATUS &quot;" >
                <step title="Cpu: python(994,5.720s)+python(1004,2.090s)+uv(928,15.100s)+ts(929,0.100s)+build.sh(927,0.000s)+build.sh(926,0.000s)+build.sh(823,0.070s)+oryx(803,5.750s)+tee(804,0.000s)+bash(802,0.000s)=total(28.790s)" date="2026-02-15T11:56:31.659" /><!-- duration: 10ms -->
                <step title="bash: no io activity for 60s, prev-cpu=-1.000s, current-cpu=28.790s" date="2026-02-15T11:56:31.688" /><!-- duration: 10ms -->
                <step title="Cpu: python3(1032,5.580s)+uv(928,32.630s)+ts(929,0.100s)+build.sh(927,0.000s)+build.sh(926,0.000s)+build.sh(823,0.070s)+oryx(803,5.880s)+tee(804,0.000s)+bash(802,0.000s)=total(44.250s)" date="2026-02-15T11:57:32.207" /><!-- duration: 11ms -->
                <step title="bash: no io activity for 122s, prev-cpu=28.790s, current-cpu=44.250s" date="2026-02-15T11:57:32.246" /><!-- duration: 2ms -->
                <step title="Cpu: python3(1032,27.980s)+uv(928,34.000s)+ts(929,0.100s)+build.sh(927,0.000s)+build.sh(926,0.000s)+build.sh(823,0.070s)+oryx(803,5.950s)+tee(804,0.000s)+bash(802,0.000s)=total(68.100s)" date="2026-02-15T11:58:32.852" /><!-- duration: 28ms -->
                <step title="bash: no io activity for 182s, prev-cpu=44.250s, current-cpu=68.100s" date="2026-02-15T11:58:32.940" /><!-- duration: 11ms -->
