<step title="BackgroundTrace" date="2026-02-15T13:02:08.678" instance="cbdd36" url="/api/publish" method="POST" >
  <step title="Creating temporary deployment - FetchDeploymentManager" date="2026-02-15T13:02:08.813" /><!-- duration: 8ms -->
  <step title="Creating temporary deployment" date="2026-02-15T13:02:08.823" /><!-- duration: 198ms -->
  <step title="Performing fetch based deployment" date="2026-02-15T13:02:09.101" >
    <step title="Cleaning up temp folders from previous zip deployments and extracting pushed zip file /tmp/zipdeploy/2ae44a3a-6bf9-46f6-9c8f-85627616b103.zip (2.38 MB) to /tmp/zipdeploy/extracted" date="2026-02-15T13:02:10.432" >
      <step title="ChmodRecursive Process exited with total time taken in ms: 137" date="2026-02-15T13:02:11.621" /><!-- duration: 3ms -->
    </step><!-- duration: 1211ms -->
    <step title="Deployment timer started" date="2026-02-15T13:02:13.750" >
      <step title="DeploymentManager.Deploy(id:ae4473bd-1b85-42a2-8573-010dcd8a7506)" date="2026-02-15T13:02:13.868" >
        <step title="Collecting changeset information" date="2026-02-15T13:02:13.928" /><!-- duration: 462ms -->
        <step title="Updating submodules" date="2026-02-15T13:02:14.535" /><!-- duration: 1260ms -->
        <step title="Determining deployment builder" date="2026-02-15T13:02:16.322" >
          <step title="Builder is OneDeployBuilder" date="2026-02-15T13:02:16.353" /><!-- duration: 9ms -->
        </step><!-- duration: 59ms -->
        <step title="PreDeployment: context.CleanOutputPath False" date="2026-02-15T13:02:16.458" >
          <step title="PreDeployment: context.OutputPath /home/site/wwwroot" date="2026-02-15T13:02:16.761" >
            <step title="Building" date="2026-02-15T13:02:18.095" >
              <step title="Executing external process" date="2026-02-15T13:02:19.275" type="process" path="starter.sh" arguments="/opt/Kudu/Scripts/parallel_rsync.sh /tmp/zipdeploy/extracted /home/site/wwwroot 8 /tmp/ False False  " /><!-- duration: 9437ms -->
              <step title="Modified file to trigger a restart of the app container." date="2026-02-15T13:02:29.125" /><!-- duration: 10ms -->
              <step title="Skip function trigger and logicapp sync because function is not enabled." date="2026-02-15T13:02:29.185" /><!-- duration: 86ms -->
              <step title="Purge deployment items" date="2026-02-15T13:02:30.198" >
                <step title="Remove 9a35ffa0-, Failed, received at 02/15/2026 12:32:34" date="2026-02-15T13:02:30.239" /><!-- duration: 1ms -->
              </step><!-- duration: 44ms -->
            </step><!-- duration: 12211ms -->
          </step><!-- duration: 13548ms -->
          <step title="Cleaning up temp files" date="2026-02-15T13:02:30.310" /><!-- duration: 2ms -->
          <step title="Cleaning up temp files" date="2026-02-15T13:02:30.315" /><!-- duration: 511ms -->
          <step title="Reloading status file with latest updates" date="2026-02-15T13:02:30.859" >
            <step title="WebHooksManager.PublishEventAsync: PostDeployment" date="2026-02-15T13:02:30.868" /><!-- duration: 18ms -->
          </step><!-- duration: 29ms -->
          <step title="Cleaning up temporary deployment - fetch deployment was successful" date="2026-02-15T13:02:30.890" /><!-- duration: 1ms -->
        </step><!-- duration: 14524ms -->
      </step><!-- duration: 17167ms -->
