<step title="Incoming Request" date="2026-02-15T12:14:02.475" instance="cbdd36" url="/api/deployments/latest?deployer=GITHUB_ZIP_DEPLOY&amp;time=2026-02-15_12-11-54Z" method="GET" type="request" pid="770,1,27" Host="cpsu-health-assistant-backend-htcmdma4efg3dfd9.scm.southeastasia-01.azurewebsites.net" User-Agent="GITHUBACTIONS_DeployWebAppToAzure_968d97079181a3c5d2199e62bb9bc4673270dd4658f735fad79931eaa4aea0d7" Authorization="Bas..." Content-Type="application/json; charset=utf-8" Cookie="ARRAffinity=cbdd362fa4ef45d234c6d90da32d24ba071c218e677864a8ea9a8caf7da74954;Path=/;HttpOnly;Secure;Domain=cpsu-health-assistant-backend-htcmdma4efg3dfd9.scm.southeastasia-01.azurewebsites.net; ARRAffinitySameSite=cbdd362fa4ef45d234c6d90da32d24ba071c218e677864a8ea9a8caf7da74954;Path=/;HttpOnly;SameSite=None;Secure;Domain=cpsu-health-assistant-backend-htcmdma4efg3dfd9.scm.southeastasia-01.azurewebsites.net" Content-Length="0" X-ARR-LOG-ID="a5921785-99cb-4805-9388-8cd5d1be0909" CLIENT-IP="172.215.208.192:54290" X-SITE-DEPLOYMENT-ID="cpsu-health-assistant-backend" WAS-DEFAULT-HOSTNAME="cpsu-health-assistant-backend-htcmdma4efg3dfd9.scm.southeastasia-01.azurewebsites.net" X-Forwarded-Proto="https" X-AppService-Proto="https" X-Forwarded-TlsVersion="1.3" X-WAWS-Unencoded-URL="/api/deployments/latest?deployer=GITHUB_ZIP_DEPLOY&amp;time=2026-02-15_12-11-54Z" X-Client-IP="172.215.208.192" X-Client-Port="54290" >
  <step title="Cleanup Xml Logs" date="2026-02-15T12:14:02.485" >
    <step title="Cleanup Infos" date="2026-02-15T12:14:02.566" totalFiles="285" totalCleanup="125" /><!-- duration: 76ms -->
  </step><!-- duration: 159ms -->
  <step title="DeploymentService.GetResult" date="2026-02-15T12:14:02.682" >
    <step title="DeploymentService.GetLatestDeployment" date="2026-02-15T12:14:02.694" >
      <step title="DeploymentManager.GetResults" date="2026-02-15T12:14:02.764" /><!-- duration: 1103ms -->
    </step><!-- duration: 1241ms -->
  </step><!-- duration: 1332ms -->
  <step title="Outgoing response" date="2026-02-15T12:14:04.153" type="response" statusCode="202" statusText="Accepted" /><!-- duration: 92ms -->
</step><!-- duration: 1780ms -->
