<step title="BackgroundTrace" date="2026-02-15T11:42:32.536" instance="cbdd36" url="/api/zipdeploy" method="POST" >
  <step title="Cleanup Xml Logs" date="2026-02-15T11:42:32.930" /><!-- duration: 62ms -->
  <step title="Creating temporary deployment - FetchDeploymentManager" date="2026-02-15T11:42:34.287" /><!-- duration: 61ms -->
  <step title="Creating temporary deployment" date="2026-02-15T11:42:34.380" /><!-- duration: 497ms -->
  <step title="Performing fetch based deployment" date="2026-02-15T11:42:35.363" >
    <step title="Cleaning up temp folders from previous zip deployments and extracting pushed zip file /tmp/zipdeploy/b97a85fc-ab4c-4732-b765-23cc8566084f.zip (3.05 MB) to /tmp/zipdeploy/extracted" date="2026-02-15T11:42:37.998" >
      <step title="ChmodRecursive Process exited with total time taken in ms: 178" date="2026-02-15T11:42:42.864" /><!-- duration: 29ms -->
    </step><!-- duration: 4914ms -->
    <step title="Deployment timer started" date="2026-02-15T11:42:45.093" >
      <step title="DeploymentManager.Deploy(id:185a3628-c1af-4341-8c06-f436801d2c53)" date="2026-02-15T11:42:45.142" >
        <step title="Collecting changeset information" date="2026-02-15T11:42:45.202" /><!-- duration: 502ms -->
        <step title="Updating submodules" date="2026-02-15T11:42:45.771" /><!-- duration: 1759ms -->
        <step title="Determining deployment builder" date="2026-02-15T11:42:48.082" >
          <step title="Builder is OryxBuilder" date="2026-02-15T11:42:48.111" /><!-- duration: 2ms -->
        </step><!-- duration: 34ms -->
        <step title="PreDeployment: context.CleanOutputPath False" date="2026-02-15T11:42:48.185" >
          <step title="PreDeployment: context.OutputPath /home/site/wwwroot" date="2026-02-15T11:42:48.430" >
            <step title="Building" date="2026-02-15T11:42:48.616" >
              <step title="Executing external process" date="2026-02-15T11:42:49.236" type="process" path="bash" arguments="-c &quot;oryx build /tmp/zipdeploy/extracted -o /home/site/wwwroot --platform python --platform-version 3.11 -p virtualenv_name=antenv --log-file /tmp/build-debug.log  -i /tmp/8de6c8757b787c0 --compress-destination-dir | tee /tmp/oryx-build.log ; exit $PIPESTATUS &quot;" 