<step title="Incoming Request" date="2026-02-15T12:13:36.676" instance="cbdd36" url="/api/deployments/latest?deployer=GITHUB_ZIP_DEPLOY&amp;time=2026-02-15_12-11-54Z" method="GET" type="request" pid="770,1,27" Host="cpsu-health-assistant-backend-htcmdma4efg3dfd9.scm.southeastasia-01.azurewebsites.net" User-Agent="GITHUBACTIONS_DeployWebAppToAzure_968d97079181a3c5d2199e62bb9bc4673270dd4658f735fad79931eaa4aea0d7" Authorization="Bas..." Content-Type="application/json; charset=utf-8" Cookie="ARRAffinity=cbdd362fa4ef45d234c6d90da32d24ba071c218e677864a8ea9a8caf7da74954;Path=/;HttpOnly;Secure;Domain=cpsu-health-assistant-backend-htcmdma4efg3dfd9.scm.southeastasia-01.azurewebsites.net; ARRAffinitySameSite=cbdd362fa4ef45d234c6d90da32d24ba071c218e677864a8ea9a8caf7da74954;Path=/;HttpOnly;SameSite=None;Secure;Domain=cpsu-health-assistant-backend-htcmdma4efg3dfd9.scm.southeastasia-01.azurewebsites.net" Content-Length="0" X-ARR-LOG-ID="9eaea24e-defa-4a4d-a572-fe42cdf516e2" CLIENT-IP="172.215.208.192:54286" X-SITE-DEPLOYMENT-ID="cpsu-health-assistant-backend" WAS-DEFAULT-HOSTNAME="cpsu-health-assistant-backend-htcmdma4efg3dfd9.scm.southeastasia-01.azurewebsites.net" X-Forwarded-Proto="https" X-AppService-Proto="https" X-Forwarded-TlsVersion="1.3" X-WAWS-Unencoded-URL="/api/deployments/latest?deployer=GITHUB_ZIP_DEPLOY&amp;time=2026-02-15_12-11-54Z" X-Client-IP="172.215.208.192" X-Client-Port="54286" >
  <step title="Cleanup Xml Logs" date="2026-02-15T12:13:36.685" >
    <step title="Cleanup Infos" date="2026-02-15T12:13:36.706" totalFiles="281" totalCleanup="121" /><!-- duration: 20ms -->
  </step><!-- duration: 42ms -->
  <step title="DeploymentService.GetResult" date="2026-02-15T12:13:36.752" >
    <step title="DeploymentService.GetLatestDeployment" date="2026-02-15T12:13:36.754" >
      <step title="DeploymentManager.GetResults" date="2026-02-15T12:13:36.761" /><!-- duration: 548ms -->
    </step><!-- duration: 563ms -->
  </step><!-- duration: 583ms -->
  <step title="Outgoing response" date="2026-02-15T12:13:37.337" type="response" statusCode="202" statusText="Accepted" /><!-- duration: 18ms -->
</step><!-- duration: 690ms -->
