<step title="Incoming Request" date="2026-02-15T12:32:57.245" instance="cbdd36" url="/api/deployments/latest?deployer=GITHUB_ZIP_DEPLOY&amp;time=2026-02-15_12-32-30Z" method="GET" type="request" pid="770,1,3" Host="cpsu-health-assistant-backend-htcmdma4efg3dfd9.scm.southeastasia-01.azurewebsites.net" User-Agent="GITHUBACTIONS_DeployWebAppToAzure_968d97079181a3c5d2199e62bb9bc4673270dd4658f735fad79931eaa4aea0d7" Authorization="Bas..." Content-Type="application/json; charset=utf-8" Cookie="ARRAffinity=cbdd362fa4ef45d234c6d90da32d24ba071c218e677864a8ea9a8caf7da74954;Path=/;HttpOnly;Secure;Domain=cpsu-health-assistant-backend-htcmdma4efg3dfd9.scm.southeastasia-01.azurewebsites.net; ARRAffinitySameSite=cbdd362fa4ef45d234c6d90da32d24ba071c218e677864a8ea9a8caf7da74954;Path=/;HttpOnly;SameSite=None;Secure;Domain=cpsu-health-assistant-backend-htcmdma4efg3dfd9.scm.southeastasia-01.azurewebsites.net" Content-Length="0" X-ARR-LOG-ID="9af3f745-efaa-48ac-99a7-c765ab0be91b" CLIENT-IP="64.236.143.36:59416" X-SITE-DEPLOYMENT-ID="cpsu-health-assistant-backend" WAS-DEFAULT-HOSTNAME="cpsu-health-assistant-backend-htcmdma4efg3dfd9.scm.southeastasia-01.azurewebsites.net" X-Forwarded-Proto="https" X-AppService-Proto="https" X-Forwarded-TlsVersion="1.3" X-WAWS-Unencoded-URL="/api/deployments/latest?deployer=GITHUB_ZIP_DEPLOY&amp;time=2026-02-15_12-32-30Z" X-Client-IP="64.236.143.36" X-Client-Port="59416" >
  <step title="Cleanup Xml Logs" date="2026-02-15T12:32:57.265" >
    <step title="Cleanup Infos" date="2026-02-15T12:32:57.303" totalFiles="319" totalCleanup="159" /><!-- duration: 12ms -->
  </step><!-- duration: 69ms -->
  <step title="DeploymentService.GetResult" date="2026-02-15T12:32:57.346" >
    <step title="DeploymentService.GetLatestDeployment" date="2026-02-15T12:32:57.363" >
      <step title="DeploymentManager.GetResults" date="2026-02-15T12:32:57.365" /><!-- duration: 380ms -->
    </step><!-- duration: 394ms -->
  </step><!-- duration: 430ms -->
  <step title="Outgoing response" date="2026-02-15T12:32:57.787" type="response" statusCode="202" statusText="Accepted" /><!-- duration: 20ms -->
</step><!-- duration: 571ms -->
