<step title="Incoming Request" date="2026-02-15T14:35:29.793" instance="cbdd36" url="/api/deployments/latest?deployer=OneDeploy&amp;time=2026-02-15_14-35-21Z" method="GET" type="request" pid="768,1,29" Host="cpsu-health-assistant-backend-htcmdma4efg3dfd9.scm.southeastasia-01.azurewebsites.net" User-Agent="GITHUBACTIONS_DeployWebAppToAzure_968d97079181a3c5d2199e62bb9bc4673270dd4658f735fad79931eaa4aea0d7" Authorization="Bas..." Content-Type="application/json; charset=utf-8" Cookie="ARRAffinity=cbdd362fa4ef45d234c6d90da32d24ba071c218e677864a8ea9a8caf7da74954;Path=/;HttpOnly;Secure;Domain=cpsu-health-assistant-backend-htcmdma4efg3dfd9.scm.southeastasia-01.azurewebsites.net; ARRAffinitySameSite=cbdd362fa4ef45d234c6d90da32d24ba071c218e677864a8ea9a8caf7da74954;Path=/;HttpOnly;SameSite=None;Secure;Domain=cpsu-health-assistant-backend-htcmdma4efg3dfd9.scm.southeastasia-01.azurewebsites.net" Content-Length="0" X-ARR-LOG-ID="aacfc458-667a-4389-af92-9b9df6ce2fc7" CLIENT-IP="9.234.151.113:63425" X-SITE-DEPLOYMENT-ID="cpsu-health-assistant-backend" WAS-DEFAULT-HOSTNAME="cpsu-health-assistant-backend-htcmdma4efg3dfd9.scm.southeastasia-01.azurewebsites.net" X-Forwarded-Proto="https" X-AppService-Proto="https" X-Forwarded-TlsVersion="1.3" X-WAWS-Unencoded-URL="/api/deployments/latest?deployer=OneDeploy&amp;time=2026-02-15_14-35-21Z" X-Client-IP="9.234.151.113" X-Client-Port="63425" >
  <step title="Cleanup Xml Logs" date="2026-02-15T14:35:29.817" >
    <step title="Cleanup Infos" date="2026-02-15T14:35:29.839" totalFiles="445" totalCleanup="285" /><!-- duration: 8ms -->
  </step><!-- duration: 40ms -->
  <step title="DeploymentService.GetResult" date="2026-02-15T14:35:29.878" >
    <step title="DeploymentService.GetLatestDeployment" date="2026-02-15T14:35:29.888" >
      <step title="DeploymentManager.GetResults" date="2026-02-15T14:35:29.902" /><!-- duration: 1885ms -->
    </step><!-- duration: 1904ms -->
  </step><!-- duration: 1916ms -->
  <step title="Outgoing response" date="2026-02-15T14:35:31.801" type="response" statusCode="202" statusText="Accepted" /><!-- duration: 10ms -->
</step><!-- duration: 2020ms -->
