<step title="Incoming Request" date="2026-02-16T03:44:43.616" instance="cbdd36" url="/cpsu-health-assistant-backend.git/git-receive-pack" method="POST" type="request" pid="768,1,7" Accept="application/x-git-receive-pack-result" Host="cpsu-health-assistant-backend-htcmdma4efg3dfd9.scm.southeastasia-01.azurewebsites.net" User-Agent="git/2.49.0.windows.1" Accept-Encoding="deflate, gzip, br, zstd" Authorization="Bas..." Content-Type="application/x-git-receive-pack-request" Content-Length="740745" X-ARR-LOG-ID="9a956640-44b9-4dc3-bb40-675c196d81bf" CLIENT-IP="203.177.89.58:57147" X-SITE-DEPLOYMENT-ID="cpsu-health-assistant-backend" WAS-DEFAULT-HOSTNAME="cpsu-health-assistant-backend-htcmdma4efg3dfd9.scm.southeastasia-01.azurewebsites.net" X-Forwarded-Proto="https" X-AppService-Proto="https" X-Forwarded-TlsVersion="1.3" X-WAWS-Unencoded-URL="/cpsu-health-assistant-backend.git/git-receive-pack" X-Client-IP="203.177.89.58" X-Client-Port="57147" >
  <step title="Cleanup Xml Logs" date="2026-02-16T03:44:43.629" >
    <step title="Cleanup Infos" date="2026-02-16T03:44:43.635" totalFiles="452" totalCleanup="292" /><!-- duration: 3ms -->
  </step><!-- duration: 11ms -->
  <step title="RpcService.ReceivePack" date="2026-02-16T03:44:43.786" >
    <step title="Executing external process" date="2026-02-16T03:44:43.807" type="process" path="git" arguments="rev-parse --git-dir" /><!-- duration: 52ms -->
    <step title="Assuming git repository at /home/site/repository" date="2026-02-16T03:44:43.861" /><!-- duration: 2ms -->
    <step title="Acquiring Deployment Lock" date="2026-02-16T03:44:43.867" /><!-- duration: 2ms -->
    <step title="Acquired Deployment Lock" date="2026-02-16T03:44:43.900" /><!-- duration: 2ms -->
    <step title="Creating temporary deployment" date="2026-02-16T03:44:43.904" /><!-- duration: 121ms -->
    <step title="GitExeServer.Receive" date="2026-02-16T03:44:44.027" >
      <step title="Executing external process" date="2026-02-16T03:44:44.031" type="process" path="git" arguments="receive-pack --stateless-rpc &quot;/home/site/repository&quot;" /><!-- duration: 9351ms -->
    </step><!-- duration: 9357ms -->
    <step title="Releasing Deployment Lock" date="2026-02-16T03:44:53.426" /><!-- duration: 3ms -->
  </step><!-- duration: 9648ms -->
  <step title="Outgoing response" date="2026-02-16T03:44:53.435" type="response" statusCode="200" statusText="OK" /><!-- duration: 2ms -->
</step><!-- duration: 9823ms -->
