<step title="BackgroundTrace" date="2026-02-15T14:20:53.076" instance="cbdd36" url="/api/publish" method="POST" >
  <step title="Creating temporary deployment - FetchDeploymentManager" date="2026-02-15T14:20:53.161" /><!-- duration: 1ms -->
  <step title="Creating temporary deployment" date="2026-02-15T14:20:53.165" /><!-- duration: 150ms -->
  <step title="Performing fetch based deployment" date="2026-02-15T14:20:53.353" >
    <step title="Cleaning up temp folders from previous zip deployments and extracting pushed zip file /tmp/zipdeploy/66d9b3eb-ec8b-4dea-8014-2a4e8857e735.zip (2.38 MB) to /tmp/zipdeploy/extracted" date="2026-02-15T14:20:54.566" >
      <step title="ChmodRecursive Process exited with total time taken in ms: 157" date="2026-02-15T14:20:55.129" /><!-- duration: 2ms -->
    </step><!-- duration: 740ms -->
    <step title="Deployment timer started" date="2026-02-15T14:20:57.346" >
      <step title="DeploymentManager.Deploy(id:d7fa4d83-8d85-4f8c-aff7-9d1d28a95571)" date="2026-02-15T14:20:57.362" >
        <step title="Collecting changeset information" date="2026-02-15T14:20:57.407" /><!-- duration: 116ms -->
        <step title="Updating submodules" date="2026-02-15T14:20:57.534" /><!-- duration: 1141ms -->
        <step title="Determining deployment builder" date="2026-02-15T14:20:58.900" >
          <step title="Builder is OneDeployBuilder" date="2026-02-15T14:20:58.924" /><!-- duration: 3ms -->
        </step><!-- duration: 28ms -->
        <step title="PreDeployment: context.CleanOutputPath False" date="2026-02-15T14:20:58.988" >
          <step title="PreDeployment: context.OutputPath /home/site/wwwroot" date="2026-02-15T14:20:59.098" >
            <step title="Building" date="2026-02-15T14:20:59.247" >
              <step title="Executing external process" date="2026-02-15T14:20:59.699" type="process" path="starter.sh" arguments="/opt/Kudu/Scripts/parallel_rsync.sh /tmp/zipdeploy/extracted /home/site/wwwroot 8 /tmp/ False False  " /><!-- duration: 4977ms -->
              <step title="Modified file to trigger a restart of the app container." date="2026-02-15T14:21:05.025" /><!-- duration: 2ms -->
              <step title="Skip function trigger and logicapp sync because function is not enabled." date="2026-02-15T14:21:05.030" /><!-- duration: 2ms -->
            </step><!-- duration: 6965ms -->
          </step><!-- duration: 7117ms -->
          <step title="Cleaning up temp files" date="2026-02-15T14:21:06.216" /><!-- duration: 9ms -->
          <step title="Cleaning up temp files" date="2026-02-15T14:21:06.228" /><!-- duration: 503ms -->
          <step title="Reloading status file with latest updates" date="2026-02-15T14:21:06.784" >
            <step title="WebHooksManager.PublishEventAsync: PostDeployment" date="2026-02-15T14:21:06.787" /><!-- duration: 45ms -->
          </step><!-- duration: 50ms -->
          <step title="Cleaning up temporary deployment - fetch deployment was successful" date="2026-02-15T14:21:06.838" /><!-- duration: 1ms -->
        </step><!-- duration: 7919ms -->
      </step><!-- duration: 9558ms -->
