<step title="Incoming Request" date="2026-02-15T12:06:51.651" instance="cbdd36" url="/api/deployments/latest?deployer=GITHUB_ZIP_DEPLOY&amp;time=2026-02-15_12-00-15Z" method="GET" type="request" pid="770,1,20" Host="cpsu-health-assistant-backend-htcmdma4efg3dfd9.scm.southeastasia-01.azurewebsites.net" User-Agent="GITHUBACTIONS_DeployWebAppToAzure_968d97079181a3c5d2199e62bb9bc4673270dd4658f735fad79931eaa4aea0d7" Authorization="Bas..." Content-Type="application/json; charset=utf-8" Cookie="ARRAffinity=cbdd362fa4ef45d234c6d90da32d24ba071c218e677864a8ea9a8caf7da74954;Path=/;HttpOnly;Secure;Domain=cpsu-health-assistant-backend-htcmdma4efg3dfd9.scm.southeastasia-01.azurewebsites.net; ARRAffinitySameSite=cbdd362fa4ef45d234c6d90da32d24ba071c218e677864a8ea9a8caf7da74954;Path=/;HttpOnly;SameSite=None;Secure;Domain=cpsu-health-assistant-backend-htcmdma4efg3dfd9.scm.southeastasia-01.azurewebsites.net" Content-Length="0" X-ARR-LOG-ID="31c25250-0018-4f2e-ba4e-13b1cfd4dea4" CLIENT-IP="52.173.237.210:60434" X-SITE-DEPLOYMENT-ID="cpsu-health-assistant-backend" WAS-DEFAULT-HOSTNAME="cpsu-health-assistant-backend-htcmdma4efg3dfd9.scm.southeastasia-01.azurewebsites.net" X-Forwarded-Proto="https" X-AppService-Proto="https" X-Forwarded-TlsVersion="1.3" X-WAWS-Unencoded-URL="/api/deployments/latest?deployer=GITHUB_ZIP_DEPLOY&amp;time=2026-02-15_12-00-15Z" X-Client-IP="52.173.237.210" X-Client-Port="60434" >
  <step title="Cleanup Xml Logs" date="2026-02-15T12:06:51.653" >
    <step title="Cleanup Infos" date="2026-02-15T12:06:51.852" totalFiles="244" totalCleanup="84" /><!-- duration: 30ms -->
  </step><!-- duration: 259ms -->
  <step title="DeploymentService.GetResult" date="2026-02-15T12:06:51.986" >
    <step title="DeploymentService.GetLatestDeployment" date="2026-02-15T12:06:52.014" >
      <step title="DeploymentManager.GetResults" date="2026-02-15T12:06:52.016" /><!-- duration: 1353ms -->
    </step><!-- duration: 1363ms -->
  </step><!-- duration: 1394ms -->
  <step title="Outgoing response" date="2026-02-15T12:06:53.388" type="response" statusCode="202" statusText="Accepted" /><!-- duration: 8ms -->
</step><!-- duration: 1748ms -->
