<step title="BackgroundTrace" date="2026-02-15T14:35:21.362" instance="cbdd36" url="/api/publish" method="POST" >
  <step title="Creating temporary deployment - FetchDeploymentManager" date="2026-02-15T14:35:21.571" /><!-- duration: 1ms -->
  <step title="Creating temporary deployment" date="2026-02-15T14:35:21.621" /><!-- duration: 261ms -->
  <step title="Performing fetch based deployment" date="2026-02-15T14:35:21.916" >
    <step title="Cleaning up temp folders from previous zip deployments and extracting pushed zip file /tmp/zipdeploy/d47303cb-cd3c-4ca8-aaa3-7a88280dd983.zip (2.38 MB) to /tmp/zipdeploy/extracted" date="2026-02-15T14:35:23.111" >
      <step title="ChmodRecursive Process exited with total time taken in ms: 62" date="2026-02-15T14:35:23.586" /><!-- duration: 9ms -->
    </step><!-- duration: 493ms -->
    <step title="Deployment timer started" date="2026-02-15T14:35:25.628" >
      <step title="DeploymentManager.Deploy(id:99cdd42c-d4ed-4f5a-97ea-3a7a856c1809)" date="2026-02-15T14:35:25.647" >
        <step title="Collecting changeset information" date="2026-02-15T14:35:25.689" /><!-- duration: 138ms -->
        <step title="Updating submodules" date="2026-02-15T14:35:25.830" /><!-- duration: 1161ms -->
        <step title="Determining deployment builder" date="2026-02-15T14:35:27.219" >
          <step title="Builder is OneDeployBuilder" date="2026-02-15T14:35:27.233" /><!-- duration: 6ms -->
        </step><!-- duration: 22ms -->
        <step title="PreDeployment: context.CleanOutputPath False" date="2026-02-15T14:35:27.282" >
          <step title="PreDeployment: context.OutputPath /home/site/wwwroot" date="2026-02-15T14:35:27.378" >
            <step title="Building" date="2026-02-15T14:35:27.499" >
              <step title="Executing external process" date="2026-02-15T14:35:28.107" type="process" path="starter.sh" arguments="/opt/Kudu/Scripts/parallel_rsync.sh /tmp/zipdeploy/extracted /home/site/wwwroot 8 /tmp/ False False  " /><!-- duration: 4810ms -->
              <step title="Modified file to trigger a restart of the app container." date="2026-02-15T14:35:33.314" /><!-- duration: 3ms -->
              <step title="Skip function trigger and logicapp sync because function is not enabled." date="2026-02-15T14:35:33.319" /><!-- duration: 18ms -->
              <step title="Purge deployment items" date="2026-02-15T14:35:34.416" >
                <step title="Remove 0fbbdcb9-, Success, received at 02/15/2026 11:29:11" date="2026-02-15T14:35:34.475" /><!-- duration: 2ms -->
              </step><!-- duration: 63ms -->
            </step><!-- duration: 7042ms -->
          </step><!-- duration: 7165ms -->
          <step title="Cleaning up temp files" date="2026-02-15T14:35:34.544" /><!-- duration: 2ms -->
          <step title="Cleaning up temp files" date="2026-02-15T14:35:34.548" /><!-- duration: 518ms -->
          <step title="Reloading status file with latest updates" date="2026-02-15T14:35:35.112" >
            <step title="WebHooksManager.PublishEventAsync: PostDeployment" date="2026-02-15T14:35:35.114" /><!-- duration: 29ms -->
          </step><!-- duration: 33ms -->
          <step title="Cleaning up temporary deployment - fetch deployment was successful" date="2026-02-15T14:35:35.149" /><!-- duration: 7ms -->
        </step><!-- duration: 8005ms -->
      </step><!-- duration: 9647ms -->
