<step title="Incoming Request" date="2026-02-15T12:14:42.661" instance="cbdd36" url="/api/deployments/latest?deployer=GITHUB_ZIP_DEPLOY&amp;time=2026-02-15_12-11-54Z" method="GET" type="request" pid="770,1,24" Host="cpsu-health-assistant-backend-htcmdma4efg3dfd9.scm.southeastasia-01.azurewebsites.net" User-Agent="GITHUBACTIONS_DeployWebAppToAzure_968d97079181a3c5d2199e62bb9bc4673270dd4658f735fad79931eaa4aea0d7" Authorization="Bas..." Content-Type="application/json; charset=utf-8" Cookie="ARRAffinity=cbdd362fa4ef45d234c6d90da32d24ba071c218e677864a8ea9a8caf7da74954;Path=/;HttpOnly;Secure;Domain=cpsu-health-assistant-backend-htcmdma4efg3dfd9.scm.southeastasia-01.azurewebsites.net; ARRAffinitySameSite=cbdd362fa4ef45d234c6d90da32d24ba071c218e677864a8ea9a8caf7da74954;Path=/;HttpOnly;SameSite=None;Secure;Domain=cpsu-health-assistant-backend-htcmdma4efg3dfd9.scm.southeastasia-01.azurewebsites.net" Content-Length="0" X-ARR-LOG-ID="d5420eab-1a5f-47d2-bd8f-e4ee2c623e2a" CLIENT-IP="172.215.208.192:54294" X-SITE-DEPLOYMENT-ID="cpsu-health-assistant-backend" WAS-DEFAULT-HOSTNAME="cpsu-health-assistant-backend-htcmdma4efg3dfd9.scm.southeastasia-01.azurewebsites.net" X-Forwarded-Proto="https" X-AppService-Proto="https" X-Forwarded-TlsVersion="1.3" X-WAWS-Unencoded-URL="/api/deployments/latest?deployer=GITHUB_ZIP_DEPLOY&amp;time=2026-02-15_12-11-54Z" X-Client-IP="172.215.208.192" X-Client-Port="54294" >
  <step title="Cleanup Xml Logs" date="2026-02-15T12:14:42.669" >
    <step title="Cleanup Infos" date="2026-02-15T12:14:42.699" totalFiles="291" totalCleanup="131" /><!-- duration: 16ms -->
  </step><!-- duration: 54ms -->
  <step title="DeploymentService.GetResult" date="2026-02-15T12:14:42.755" >
    <step title="DeploymentService.GetLatestDeployment" date="2026-02-15T12:14:42.766" >
      <step title="DeploymentManager.GetResults" date="2026-02-15T12:14:42.775" /><!-- duration: 470ms -->
    </step><!-- duration: 511ms -->
  </step><!-- duration: 529ms -->
  <step title="Outgoing response" date="2026-02-15T12:14:43.286" type="response" statusCode="202" statusText="Accepted" /><!-- duration: 8ms -->
</step><!-- duration: 635ms -->
