<step title="Incoming Request" date="2026-02-15T12:35:15.845" instance="cbdd36" url="/api/zipdeploy?isAsync=true&amp;deployer=GITHUB_ZIP_DEPLOY&amp;message=%7B%22type%22%3A%22deployment%22%2C%22sha%22%3A%2279c9b3cccda15ae674a8bb1cfce34ea0cf05f27d%22%2C%22repoName%22%3A%22souchan25%2FvirtualHealthAssistant%22%2C%22actor%22%3A%22souchan25%22%2C%22slotName%22%3A%22production%22%2C%22commitMessage%22%3A%22Refactor%20deployment%20script%20for%20clarity%20and%20checks%5Cn%5CnUpdated%20deployment%20script%20to%20improve%20clarity%20and%20structure%20checks%20for%20the%20health_assistant%20directory.%22%7D" method="POST" type="request" pid="770,1,3" Host="cpsu-health-assistant-backend-htcmdma4efg3dfd9.scm.southeastasia-01.azurewebsites.net" User-Agent="GITHUBACTIONS_DeployWebAppToAzure_968d97079181a3c5d2199e62bb9bc4673270dd4658f735fad79931eaa4aea0d7" Authorization="Bas..." Content-Type="application/octet-stream" Cookie="ARRAffinity=cbdd362fa4ef45d234c6d90da32d24ba071c218e677864a8ea9a8caf7da74954;Path=/;HttpOnly;Secure;Domain=cpsu-health-assistant-backend-htcmdma4efg3dfd9.scm.southeastasia-01.azurewebsites.net; ARRAffinitySameSite=cbdd362fa4ef45d234c6d90da32d24ba071c218e677864a8ea9a8caf7da74954;Path=/;HttpOnly;SameSite=None;Secure;Domain=cpsu-health-assistant-backend-htcmdma4efg3dfd9.scm.southeastasia-01.azurewebsites.net" Transfer-Encoding="chunked" X-ARR-LOG-ID="209e3fd2-b66a-4930-8167-402bce5a6d9e" CLIENT-IP="172.182.209.57:1056" X-SITE-DEPLOYMENT-ID="cpsu-health-assistant-backend" WAS-DEFAULT-HOSTNAME="cpsu-health-assistant-backend-htcmdma4efg3dfd9.scm.southeastasia-01.azurewebsites.net" X-Forwarded-Proto="https" X-AppService-Proto="https" X-Forwarded-TlsVersion="1.3" X-WAWS-Unencoded-URL="/api/zipdeploy?isAsync=true&amp;deployer=GITHUB_ZIP_DEPLOY&amp;message=%7B%22type%22%3A%22deployment%22%2C%22sha%22%3A%2279c9b3cccda15ae674a8bb1cfce34ea0cf05f27d%22%2C%22repoName%22%3A%22souchan25%2FvirtualHealthAssistant%22%2C%22actor%22%3A%22souchan25%22%2C%22slotName%22%3A%22production%22%2C%22commitMessage%22%3A%22Refactor%20deployment%20script%20for%20clarity%20and%20checks%5Cn%5CnUpdated%20deployment%20script%20to%20improve%20clarity%20and%20structure%20checks%20for%20the%20health_assistant%20directory.%22%7D" X-Client-IP="172.182.209.57" X-Client-Port="1056" >
  <step title="Cleanup Xml Logs" date="2026-02-15T12:35:15.862" >
    <step title="Cleanup Infos" date="2026-02-15T12:35:15.883" totalFiles="345" totalCleanup="185" /><!-- duration: 10ms -->
  </step><!-- duration: 39ms -->
  <step title="ZipPushDeploy" date="2026-02-15T12:35:15.913" >
    <step title="ZipDeploy. Extract zip. Remote build." date="2026-02-15T12:35:15.925" /><!-- duration: 26ms -->
    <step title="Starting PushDeployAsync" date="2026-02-15T12:35:15.962" /><!-- duration: 3ms -->
    <step title="Writing artifact to /tmp/zipdeploy/79fc5938-80e7-4f75-82d3-3c545b0d9290.zip" date="2026-02-15T12:35:15.994" >
      <step title="Writing multipart request body to /tmp/zipdeploy/79fc5938-80e7-4f75-82d3-3c545b0d9290.zip" date="2026-02-15T12:35:16.009" /><!-- duration: 3ms -->
    </step><!-- duration: 891ms -->
    <step title="Start deployment in the background" date="2026-02-15T12:35:16.921" >
      <step title="Acquiring Deployment Lock" date="2026-02-15T12:35:16.947" /><!-- duration: 9ms -->
      <step title="Cannot Acquire Deployment Lock already held" date="2026-02-15T12:35:16.984" /><!-- duration: 29ms -->
    </step><!-- duration: 183ms -->
    <step title="There is a deployment currently in progress. Please try again when it completes." date="2026-02-15T12:35:17.113" /><!-- duration: 2ms -->
  </step><!-- duration: 1210ms -->
  <step title="Outgoing response" date="2026-02-15T12:35:17.134" type="response" statusCode="409" statusText="Conflict" /><!-- duration: 8ms -->
</step><!-- duration: 1309ms -->
