<step title="Incoming Request" date="2026-02-16T03:44:32.447" instance="cbdd36" url="/cpsu-health-assistant-backend.git/info/refs?service=git-receive-pack" method="GET" type="request" pid="768,1,7" Accept="*/*" Host="cpsu-health-assistant-backend-htcmdma4efg3dfd9.scm.southeastasia-01.azurewebsites.net" User-Agent="git/2.49.0.windows.1" Accept-Encoding="deflate, gzip, br, zstd" Authorization="Bas..." Pragma="no-cache" X-ARR-LOG-ID="647b3b00-a392-4c35-94ad-f38aaeb428eb" CLIENT-IP="203.177.89.58:57147" X-SITE-DEPLOYMENT-ID="cpsu-health-assistant-backend" WAS-DEFAULT-HOSTNAME="cpsu-health-assistant-backend-htcmdma4efg3dfd9.scm.southeastasia-01.azurewebsites.net" X-Forwarded-Proto="https" X-AppService-Proto="https" X-Forwarded-TlsVersion="1.3" X-WAWS-Unencoded-URL="/cpsu-health-assistant-backend.git/info/refs?service=git-receive-pack" X-Client-IP="203.177.89.58" X-Client-Port="57147" >
  <step title="InfoRefsService.Execute" date="2026-02-16T03:44:33.137" >
    <step title="InfoRefsService.SmartInfoRefs" date="2026-02-16T03:44:33.152" >
      <step title="Acquiring Deployment Lock" date="2026-02-16T03:44:33.157" /><!-- duration: 2ms -->
      <step title="Acquired Deployment Lock" date="2026-02-16T03:44:33.297" /><!-- duration: 2ms -->
      <step title="GitExeServer.Initialize" date="2026-02-16T03:44:33.303" >
        <step title="GitExeRepository.Initialize" date="2026-02-16T03:44:33.307" >
          <step title="Executing external process" date="2026-02-16T03:44:33.313" type="process" path="git" arguments="init" /><!-- duration: 251ms -->
          <step title="Executing external process" date="2026-02-16T03:44:33.568" type="process" path="git" arguments="config core.autocrlf false" /><!-- duration: 78ms -->
          <step title="Executing external process" date="2026-02-16T03:44:33.649" type="process" path="git" arguments="config core.preloadindex true" /><!-- duration: 18ms -->
          <step title="Executing external process" date="2026-02-16T03:44:33.670" type="process" path="git" arguments="config user.name &quot;unknown&quot;" /><!-- duration: 19ms -->
          <step title="Executing external process" date="2026-02-16T03:44:33.691" type="process" path="git" arguments="config user.email &quot;unknown&quot;" /><!-- duration: 56ms -->
          <step title="Executing external process" date="2026-02-16T03:44:33.756" type="process" path="git" arguments="config filter.lfs.clean &quot;git-lfs clean %f&quot;" /><!-- duration: 22ms -->
          <step title="Executing external process" date="2026-02-16T03:44:33.781" type="process" path="git" arguments="config filter.lfs.smudge &quot;git-lfs smudge %f&quot;" /><!-- duration: 19ms -->
          <step title="Executing external process" date="2026-02-16T03:44:33.802" type="process" path="git" arguments="config filter.lfs.required true" /><!-- duration: 18ms -->
          <step title="Configure git server" date="2026-02-16T03:44:33.823" >
            <step title="Executing external process" date="2026-02-16T03:44:33.824" type="process" path="git" arguments="config receive.denyCurrentBranch ignore" /><!-- duration: 17ms -->
          </step><!-- duration: 21ms -->
          <step title="Create deny users for .git folder" date="2026-02-16T03:44:33.845" /><!-- duration: 42ms -->
          <step title="Configure git-credential" date="2026-02-16T03:44:33.889" >
            <step title="Executing external process" date="2026-02-16T03:44:33.907" type="process" path="git" arguments="config credential.helper &quot;!&apos;/home/site/repository/.git/hooks/git-credential-invalid.sh&apos;&quot;" /><!-- duration: 16ms -->
          </step><!-- duration: 36ms -->
          <step title="Setup post receive hook" date="2026-02-16T03:44:33.927" >
            <step title="Non-Windows enviroment, granting 755 permission to post-receive hook file" date="2026-02-16T03:44:33.945" /><!-- duration: 20ms -->
          </step><!-- duration: 46ms -->
        </step><!-- duration: 668ms -->
      </step><!-- duration: 673ms -->
      <step title="Releasing Deployment Lock" date="2026-02-16T03:44:33.978" /><!-- duration: 1ms -->
      <step title="GitExeServer.AdvertiseReceivePack" date="2026-02-16T03:44:33.988" >
        <step title="Executing external process" date="2026-02-16T03:44:33.990" type="process" path="git" arguments="receive-pack --stateless-rpc --advertise-refs &quot;/home/site/repository&quot;" /><!-- duration: 23ms -->
      </step><!-- duration: 27ms -->
      <step title="Writing 216 bytes" date="2026-02-16T03:44:34.017" /><!-- duration: 2ms -->
    </step><!-- duration: 871ms -->
  </step><!-- duration: 887ms -->
  <step title="Outgoing response" date="2026-02-16T03:44:34.044" type="response" statusCode="200" statusText="OK" /><!-- duration: 39ms -->
</step><!-- duration: 1639ms -->
