<step title="BackgroundTrace" date="2026-02-15T12:40:12.414" instance="cbdd36" url="/api/publish" method="POST" >
  <step title="Creating temporary deployment - FetchDeploymentManager" date="2026-02-15T12:40:12.495" /><!-- duration: 1ms -->
  <step title="Creating temporary deployment" date="2026-02-15T12:40:12.499" /><!-- duration: 45ms -->
  <step title="Performing fetch based deployment" date="2026-02-15T12:40:12.585" >
    <step title="Cleaning up temp folders from previous zip deployments and extracting pushed zip file /tmp/zipdeploy/94f2afd7-3db1-4f54-8ae6-e36a70339fe7.zip (2.39 MB) to /tmp/zipdeploy/extracted" date="2026-02-15T12:40:13.774" >
      <step title="ChmodRecursive Process exited with total time taken in ms: 90" date="2026-02-15T12:40:14.379" /><!-- duration: 8ms -->
    </step><!-- duration: 622ms -->
    <step title="Deployment timer started" date="2026-02-15T12:40:16.426" >
      <step title="DeploymentManager.Deploy(id:224f263e-eb73-4c25-9156-ca8af8224c97)" date="2026-02-15T12:40:16.430" >
        <step title="Collecting changeset information" date="2026-02-15T12:40:16.438" /><!-- duration: 64ms -->
        <step title="Updating submodules" date="2026-02-15T12:40:16.505" /><!-- duration: 1125ms -->
        <step title="Determining deployment builder" date="2026-02-15T12:40:17.834" >
          <step title="Builder is OneDeployBuilder" date="2026-02-15T12:40:17.861" /><!-- duration: 10ms -->
        </step><!-- duration: 40ms -->
        <step title="PreDeployment: context.CleanOutputPath False" date="2026-02-15T12:40:17.918" >
          <step title="PreDeployment: context.OutputPath /home/site/wwwroot" date="2026-02-15T12:40:18.040" >
            <step title="Building" date="2026-02-15T12:40:18.174" >
              <step title="Executing external process" date="2026-02-15T12:40:18.540" type="process" path="starter.sh" arguments="/opt/Kudu/Scripts/parallel_rsync.sh /tmp/zipdeploy/extracted /home/site/wwwroot 8 /tmp/ False False  " /><!-- duration: 5490ms -->
              <step title="Modified file to trigger a restart of the app container." date="2026-02-15T12:40:24.444" /><!-- duration: 2ms -->
              <step title="Skip function trigger and logicapp sync because function is not enabled." date="2026-02-15T12:40:24.449" /><!-- duration: 8ms -->
              <step title="Purge deployment items" date="2026-02-15T12:40:25.247" >
                <step title="Remove temp-98c3, Pending, received at 02/15/2026 12:40:12" date="2026-02-15T12:40:25.315" /><!-- duration: 1ms -->
                <step title="Remove temp-fc61, Pending, received at 02/15/2026 12:32:30" date="2026-02-15T12:40:25.373" /><!-- duration: 2ms -->
              </step><!-- duration: 130ms -->
            </step><!-- duration: 7261ms -->
          </step><!-- duration: 7398ms -->
          <step title="Cleaning up temp files" date="2026-02-15T12:40:25.439" /><!-- duration: 2ms -->
          <step title="Cleaning up temp files" date="2026-02-15T12:40:25.443" /><!-- duration: 503ms -->
          <step title="Reloading status file with latest updates" date="2026-02-15T12:40:25.998" >
            <step title="WebHooksManager.PublishEventAsync: PostDeployment" date="2026-02-15T12:40:26.000" /><!-- duration: 75ms -->
          </step><!-- duration: 79ms -->
          <step title="Cleaning up temporary deployment - fetch deployment was successful" date="2026-02-15T12:40:26.079" /><!-- duration: 1ms -->
        </step><!-- duration: 8221ms -->
      </step><!-- duration: 9719ms -->
