<step title="BackgroundTrace" date="2026-02-15T12:00:15.036" instance="cbdd36" url="/api/zipdeploy" method="POST" >
  <step title="Creating temporary deployment - FetchDeploymentManager" date="2026-02-15T12:00:15.187" /><!-- duration: 1ms -->
  <step title="Creating temporary deployment" date="2026-02-15T12:00:15.192" /><!-- duration: 87ms -->
  <step title="Performing fetch based deployment" date="2026-02-15T12:00:15.317" >
    <step title="Cleaning up temp folders from previous zip deployments and extracting pushed zip file /tmp/zipdeploy/935c8765-bdd0-4afd-94bf-2833d2474795.zip (3.02 MB) to /tmp/zipdeploy/extracted" date="2026-02-15T12:00:16.488" >
      <step title="ChmodRecursive Process exited with total time taken in ms: 93" date="2026-02-15T12:00:17.137" /><!-- duration: 10ms -->
    </step><!-- duration: 669ms -->
    <step title="Deployment timer started" date="2026-02-15T12:00:19.188" >
      <step title="DeploymentManager.Deploy(id:ee8459ac-c4c8-4109-91ed-b972eb9ee3b4)" date="2026-02-15T12:00:19.191" >
        <step title="Collecting changeset information" date="2026-02-15T12:00:19.219" /><!-- duration: 71ms -->
        <step title="Updating submodules" date="2026-02-15T12:00:19.292" /><!-- duration: 1140ms -->
        <step title="Determining deployment builder" date="2026-02-15T12:00:20.637" >
          <step title="Builder is OryxBuilder" date="2026-02-15T12:00:20.660" /><!-- duration: 19ms -->
        </step><!-- duration: 53ms -->
        <step title="PreDeployment: context.CleanOutputPath False" date="2026-02-15T12:00:20.734" >
          <step title="PreDeployment: context.OutputPath /home/site/wwwroot" date="2026-02-15T12:00:20.837" >
            <step title="Building" date="2026-02-15T12:00:20.958" >
              <step title="Executing external process" date="2026-02-15T12:00:21.276" type="process" path="bash" arguments="-c &quot;oryx build /tmp/zipdeploy/extracted -o /home/site/wwwroot --platform python --platform-version 3.11 -p virtualenv_name=antenv --log-file /tmp/build-debug.log  -i /tmp/8de6c89cb19022b --compress-destination-dir | tee /tmp/oryx-build.log ; exit $PIPESTATUS &quot;" >
                <step title="Cpu: python(1032,5.920s)+uv(950,15.830s)+ts(951,0.090s)+build.sh(949,0.000s)+build.sh(948,0.000s)+build.sh(845,0.070s)+oryx(823,6.160s)+tee(824,0.000s)+bash(822,0.000s)=total(28.020s)" date="2026-02-15T12:02:32.165" /><!-- duration: 399ms -->
                <step title="bash: no io activity for 60s, prev-cpu=-1.000s, current-cpu=28.020s" date="2026-02-15T12:02:32.864" /><!-- duration: 366ms -->
                <step title="Cpu: python(1085,1.680s)+python(1091,1.480s)+python(1094,1.290s)+uv(950,22.730s)+ts(951,0.090s)+build.sh(949,0.000s)+build.sh(948,0.000s)+build.sh(845,0.070s)+oryx(823,6.270s)+tee(824,0.000s)+bash(822,0.000s)=total(33.600s)" date="2026-02-15T12:03:34.396" /><!-- duration: 10ms -->
                <step title="bash: no io activity for 126s, prev-cpu=28.020s, current-cpu=33.600s" date="2026-02-15T12:03:34.475" /><!-- duration: 2ms -->
                <step title="Cpu: python3(1115,24.520s)+uv(950,35.380s)+ts(951,0.090s)+build.sh(949,0.000s)+build.sh(948,0.000s)+build.sh(845,0.090s)+oryx(823,6.360s)+tee(824,0.000s)+bash(822,0.000s)=total(66.440s)" date="2026-02-15T12:04:34.763" /><!-- duration: 10ms -->
                <step title="bash: no io activity for 186s, prev-cpu=33.600s, current-cpu=66.440s" date="2026-02-15T12:04:34.799" /><!-- duration: 22ms -->
                <step title="Cpu: python3(1115,68.980s)+uv(950,37.100s)+ts(951,0.090s)+build.sh(949,0.000s)+build.sh(948,0.000s)+build.sh(845,0.090s)+oryx(823,6.410s)+tee(824,0.000s)+bash(822,0.000s)=total(112.670s)" date="2026-02-15T12:05:35.041" /><!-- duration: 2ms -->
                <step title="bash: no io activity for 246s, prev-cpu=66.440s, current-cpu=112.670s" date="2026-02-15T12:05:35.103" /><!-- duration: 30ms -->
                <step title="Cpu: zstd(1179,17.680s)+sh(1178,0.000s)+tar(1177,8.910s)+build.sh(1176,0.000s)+build.sh(1175,0.000s)+build.sh(845,0.110s)+oryx(823,6.800s)+tee(824,0.000s)+bash(822,0.000s)=total(33.500s)" date="2026-02-15T12:07:26.058" /><!-- duration: 132ms -->
                <step title="bash: no io activity for 61s, prev-cpu=-1.000s, current-cpu=33.500s" date="2026-02-15T12:07:26.211" /><!-- duration: 79ms -->
              </step><!-- duration: 463399ms -->
              <step title="Using PythonDeploymentLogParser" date="2026-02-15T12:08:05.392" /><!-- duration: 4ms -->
              <step title="Triggering recycle (preview mode disabled)." date="2026-02-15T12:08:06.927" /><!-- duration: 2ms -->
              <step title="Modified file to trigger a restart of the app container." date="2026-02-15T12:08:06.961" /><!-- duration: 8ms -->
              <step title="Skip function trigger and logicapp sync because function is not enabled." date="2026-02-15T12:08:06.975" /><!-- duration: 2ms -->
              <step title="Purge deployment items" date="2026-02-15T12:08:07.870" >
                <step title="Remove temp-cbbf, Pending, received at 02/15/2026 12:00:15" date="2026-02-15T12:08:07.917" /><!-- duration: 1ms -->
                <step title="Remove temp-4f61, Pending, received at 02/15/2026 11:54:22" date="2026-02-15T12:08:07.985" /><!-- duration: 3ms -->
                <step title="Remove 185a3628-, Failed, received at 02/15/2026 11:42:45" date="2026-02-15T12:08:08.035" /><!-- duration: 2ms -->
                <step title="Remove temp-333b, Failed, received at 02/15/2026 11:42:34" date="2026-02-15T12:08:08.087" /><!-- duration: 2ms -->
              </step><!-- duration: 221ms -->
            </step><!-- duration: 467224ms -->
          </step><!-- duration: 467355ms -->
          <step title="Cleaning up temp files" date="2026-02-15T12:08:08.193" /><!-- duration: 9817ms -->
          <step title="Cleaning up temp files" date="2026-02-15T12:08:18.017" /><!-- duration: 507ms -->
          <step title="Reloading status file with latest updates" date="2026-02-15T12:08:18.546" >
            <step title="WebHooksManager.PublishEventAsync: PostDeployment" date="2026-02-15T12:08:18.551" /><!-- duration: 76ms -->
          </step><!-- duration: 82ms -->
          <step title="Cleaning up temporary deployment - fetch deployment was successful" date="2026-02-15T12:08:18.633" /><!-- duration: 4ms -->
        </step><!-- duration: 477935ms -->
      </step><!-- duration: 479532ms -->
