<step title="Incoming Request" date="2026-02-15T12:36:13.722" instance="cbdd36" url="/api/zipdeploy?isAsync=true&amp;deployer=GITHUB_ZIP_DEPLOY&amp;message=%7B%22type%22%3A%22deployment%22%2C%22sha%22%3A%2279c9b3cccda15ae674a8bb1cfce34ea0cf05f27d%22%2C%22repoName%22%3A%22souchan25%2FvirtualHealthAssistant%22%2C%22actor%22%3A%22souchan25%22%2C%22slotName%22%3A%22production%22%2C%22commitMessage%22%3A%22Refactor%20deployment%20script%20for%20clarity%20and%20checks%5Cn%5CnUpdated%20deployment%20script%20to%20improve%20clarity%20and%20structure%20checks%20for%20the%20health_assistant%20directory.%22%7D" method="POST" type="request" pid="770,1,7" Host="cpsu-health-assistant-backend-htcmdma4efg3dfd9.scm.southeastasia-01.azurewebsites.net" User-Agent="GITHUBACTIONS_DeployWebAppToAzure_968d97079181a3c5d2199e62bb9bc4673270dd4658f735fad79931eaa4aea0d7" Authorization="Bas..." Content-Type="application/octet-stream" Cookie="ARRAffinity=cbdd362fa4ef45d234c6d90da32d24ba071c218e677864a8ea9a8caf7da74954;Path=/;HttpOnly;Secure;Domain=cpsu-health-assistant-backend-htcmdma4efg3dfd9.scm.southeastasia-01.azurewebsites.net; ARRAffinitySameSite=cbdd362fa4ef45d234c6d90da32d24ba071c218e677864a8ea9a8caf7da74954;Path=/;HttpOnly;SameSite=None;Secure;Domain=cpsu-health-assistant-backend-htcmdma4efg3dfd9.scm.southeastasia-01.azurewebsites.net" Transfer-Encoding="chunked" X-ARR-LOG-ID="255f57e9-427d-4ee3-a1a6-880a43a662db" CLIENT-IP="172.182.209.57:1056" X-SITE-DEPLOYMENT-ID="cpsu-health-assistant-backend" WAS-DEFAULT-HOSTNAME="cpsu-health-assistant-backend-htcmdma4efg3dfd9.scm.southeastasia-01.azurewebsites.net" X-Forwarded-Proto="https" X-AppService-Proto="https" X-Forwarded-TlsVersion="1.3" X-WAWS-Unencoded-URL="/api/zipdeploy?isAsync=true&amp;deployer=GITHUB_ZIP_DEPLOY&amp;message=%7B%22type%22%3A%22deployment%22%2C%22sha%22%3A%2279c9b3cccda15ae674a8bb1cfce34ea0cf05f27d%22%2C%22repoName%22%3A%22souchan25%2FvirtualHealthAssistant%22%2C%22actor%22%3A%22souchan25%22%2C%22slotName%22%3A%22production%22%2C%22commitMessage%22%3A%22Refactor%20deployment%20script%20for%20clarity%20and%20checks%5Cn%5CnUpdated%20deployment%20script%20to%20improve%20clarity%20and%20structure%20checks%20for%20the%20health_assistant%20directory.%22%7D" X-Client-IP="172.182.209.57" X-Client-Port="1056" >
  <step title="ZipPushDeploy" date="2026-02-15T12:36:14.326" >
    <step title="ZipDeploy. Extract zip." date="2026-02-15T12:36:14.337" /><!-- duration: 21ms -->
    <step title="None repository commit" date="2026-02-15T12:36:14.414" >
      <step title="Commit id: a8ffdd56-5cd0-47dc-ab5e-13815e45e9cd" date="2026-02-15T12:36:14.441" Message="N/A" AuthorName="N/A" AuthorEmail="N/A" /><!-- duration: 2ms -->
    </step><!-- duration: 108ms -->
    <step title="Starting PushDeployAsync" date="2026-02-15T12:36:14.581" /><!-- duration: 40ms -->
    <step title="Writing artifact to /tmp/zipdeploy/219ad0c8-ce74-4f08-96f7-eca736fcc242.zip" date="2026-02-15T12:36:14.861" >
      <step title="Writing multipart request body to /tmp/zipdeploy/219ad0c8-ce74-4f08-96f7-eca736fcc242.zip" date="2026-02-15T12:36:14.942" /><!-- duration: 23ms -->
    </step><!-- duration: 805ms -->
    <step title="Start deployment in the background" date="2026-02-15T12:36:15.758" >
      <step title="Acquiring Deployment Lock" date="2026-02-15T12:36:16.059" /><!-- duration: 12ms -->
      <step title="Cannot Acquire Deployment Lock already held" date="2026-02-15T12:36:16.090" /><!-- duration: 29ms -->
    </step><!-- duration: 684ms -->
    <step title="There is a deployment currently in progress. Please try again when it completes." date="2026-02-15T12:36:16.492" /><!-- duration: 20ms -->
  </step><!-- duration: 2205ms -->
  <step title="Outgoing response" date="2026-02-15T12:36:16.804" type="response" statusCode="409" statusText="Conflict" /><!-- duration: 25ms -->
</step><!-- duration: 3132ms -->
