<step title="Incoming Request" date="2026-02-15T13:02:07.316" instance="cbdd36" url="/api/publish?async=true&amp;deployer=GITHUB_ONE_DEPLOY&amp;type=zip&amp;message=%7B%22type%22%3A%22deployment%22%2C%22sha%22%3A%22247243ce088c395f66a2cf2f173cd5b3baa148c8%22%2C%22repoName%22%3A%22souchan25%2FvirtualHealthAssistant%22%2C%22actor%22%3A%22souchan25%22%2C%22slotName%22%3A%22production%22%2C%22commitMessage%22%3A%22Update%20python-dotenv%20version%20to%201.2.0%5Cn%5CnRemoved%20outdated%20python-dotenv%20version.%22%7D" method="POST" type="request" pid="770,1,36" Host="cpsu-health-assistant-backend-htcmdma4efg3dfd9.scm.southeastasia-01.azurewebsites.net" User-Agent="GITHUBACTIONS_DeployWebAppToAzure_968d97079181a3c5d2199e62bb9bc4673270dd4658f735fad79931eaa4aea0d7" Authorization="Bas..." Content-Type="application/octet-stream" Cookie="ARRAffinity=cbdd362fa4ef45d234c6d90da32d24ba071c218e677864a8ea9a8caf7da74954;Path=/;HttpOnly;Secure;Domain=cpsu-health-assistant-backend-htcmdma4efg3dfd9.scm.southeastasia-01.azurewebsites.net; ARRAffinitySameSite=cbdd362fa4ef45d234c6d90da32d24ba071c218e677864a8ea9a8caf7da74954;Path=/;HttpOnly;SameSite=None;Secure;Domain=cpsu-health-assistant-backend-htcmdma4efg3dfd9.scm.southeastasia-01.azurewebsites.net" Transfer-Encoding="chunked" X-ARR-LOG-ID="df8a0e74-4197-4c90-bc92-c74d424f19ff" CLIENT-IP="172.182.195.178:64528" X-SITE-DEPLOYMENT-ID="cpsu-health-assistant-backend" WAS-DEFAULT-HOSTNAME="cpsu-health-assistant-backend-htcmdma4efg3dfd9.scm.southeastasia-01.azurewebsites.net" X-Forwarded-Proto="https" X-AppService-Proto="https" X-Forwarded-TlsVersion="1.3" X-WAWS-Unencoded-URL="/api/publish?async=true&amp;deployer=GITHUB_ONE_DEPLOY&amp;type=zip&amp;message=%7B%22type%22%3A%22deployment%22%2C%22sha%22%3A%22247243ce088c395f66a2cf2f173cd5b3baa148c8%22%2C%22repoName%22%3A%22souchan25%2FvirtualHealthAssistant%22%2C%22actor%22%3A%22souchan25%22%2C%22slotName%22%3A%22production%22%2C%22commitMessage%22%3A%22Update%20python-dotenv%20version%20to%201.2.0%5Cn%5CnRemoved%20outdated%20python-dotenv%20version.%22%7D" X-Client-IP="172.182.195.178" X-Client-Port="64528" >
  <step title="OneDeploy" date="2026-02-15T13:02:07.394" >
    <step title="Starting PushDeployAsync" date="2026-02-15T13:02:07.398" /><!-- duration: 2ms -->
    <step title="Writing artifact to /tmp/zipdeploy/2ae44a3a-6bf9-46f6-9c8f-85627616b103.zip" date="2026-02-15T13:02:07.406" >
      <step title="Writing multipart request body to /tmp/zipdeploy/2ae44a3a-6bf9-46f6-9c8f-85627616b103.zip" date="2026-02-15T13:02:07.410" /><!-- duration: 11ms -->
    </step><!-- duration: 1016ms -->
    <step title="Start deployment in the background" date="2026-02-15T13:02:08.503" >
      <step title="Acquiring Deployment Lock" date="2026-02-15T13:02:08.728" /><!-- duration: 9ms -->
      <step title="Acquired Deployment Lock" date="2026-02-15T13:02:08.801" /><!-- duration: 11ms -->
    </step><!-- duration: 539ms -->
  </step><!-- duration: 1658ms -->
  <step title="Outgoing response" date="2026-02-15T13:02:09.062" type="response" statusCode="202" statusText="Accepted" /><!-- duration: 8ms -->
</step><!-- duration: 1764ms -->
