<step title="Incoming Request" date="2026-02-15T12:16:15.548" instance="cbdd36" url="/api/deployments/latest?deployer=GITHUB_ZIP_DEPLOY&amp;time=2026-02-15_12-11-54Z" method="GET" type="request" pid="770,1,26" Host="cpsu-health-assistant-backend-htcmdma4efg3dfd9.scm.southeastasia-01.azurewebsites.net" User-Agent="GITHUBACTIONS_DeployWebAppToAzure_968d97079181a3c5d2199e62bb9bc4673270dd4658f735fad79931eaa4aea0d7" Authorization="Bas..." Content-Type="application/json; charset=utf-8" Cookie="ARRAffinity=cbdd362fa4ef45d234c6d90da32d24ba071c218e677864a8ea9a8caf7da74954;Path=/;HttpOnly;Secure;Domain=cpsu-health-assistant-backend-htcmdma4efg3dfd9.scm.southeastasia-01.azurewebsites.net; ARRAffinitySameSite=cbdd362fa4ef45d234c6d90da32d24ba071c218e677864a8ea9a8caf7da74954;Path=/;HttpOnly;SameSite=None;Secure;Domain=cpsu-health-assistant-backend-htcmdma4efg3dfd9.scm.southeastasia-01.azurewebsites.net" Content-Length="0" X-ARR-LOG-ID="36a5c4e8-2ae7-47a9-af49-243c767e007a" CLIENT-IP="172.215.208.192:54307" X-SITE-DEPLOYMENT-ID="cpsu-health-assistant-backend" WAS-DEFAULT-HOSTNAME="cpsu-health-assistant-backend-htcmdma4efg3dfd9.scm.southeastasia-01.azurewebsites.net" X-Forwarded-Proto="https" X-AppService-Proto="https" X-Forwarded-TlsVersion="1.3" X-WAWS-Unencoded-URL="/api/deployments/latest?deployer=GITHUB_ZIP_DEPLOY&amp;time=2026-02-15_12-11-54Z" X-Client-IP="172.215.208.192" X-Client-Port="54307" >
  <step title="Cleanup Xml Logs" date="2026-02-15T12:16:15.566" >
    <step title="Cleanup Infos" date="2026-02-15T12:16:15.579" totalFiles="305" totalCleanup="145" /><!-- duration: 10ms -->
  </step><!-- duration: 31ms -->
  <step title="DeploymentService.GetResult" date="2026-02-15T12:16:15.607" >
    <step title="DeploymentService.GetLatestDeployment" date="2026-02-15T12:16:15.609" >
      <step title="DeploymentManager.GetResults" date="2026-02-15T12:16:15.617" /><!-- duration: 518ms -->
    </step><!-- duration: 537ms -->
  </step><!-- duration: 541ms -->
  <step title="Outgoing response" date="2026-02-15T12:16:16.167" type="response" statusCode="202" statusText="Accepted" /><!-- duration: 30ms -->
</step><!-- duration: 658ms -->
