<step title="Incoming Request" date="2026-02-15T12:02:30.879" instance="cbdd36" url="/api/deployments/latest?deployer=GITHUB_ZIP_DEPLOY&amp;time=2026-02-15_12-00-15Z" method="GET" type="request" pid="770,1,21" Host="cpsu-health-assistant-backend-htcmdma4efg3dfd9.scm.southeastasia-01.azurewebsites.net" User-Agent="GITHUBACTIONS_DeployWebAppToAzure_968d97079181a3c5d2199e62bb9bc4673270dd4658f735fad79931eaa4aea0d7" Authorization="Bas..." Content-Type="application/json; charset=utf-8" Cookie="ARRAffinity=cbdd362fa4ef45d234c6d90da32d24ba071c218e677864a8ea9a8caf7da74954;Path=/;HttpOnly;Secure;Domain=cpsu-health-assistant-backend-htcmdma4efg3dfd9.scm.southeastasia-01.azurewebsites.net; ARRAffinitySameSite=cbdd362fa4ef45d234c6d90da32d24ba071c218e677864a8ea9a8caf7da74954;Path=/;HttpOnly;SameSite=None;Secure;Domain=cpsu-health-assistant-backend-htcmdma4efg3dfd9.scm.southeastasia-01.azurewebsites.net" Content-Length="0" X-ARR-LOG-ID="a5b0519f-6914-4792-bfa4-08e15dc8531d" CLIENT-IP="52.173.237.210:60434" X-SITE-DEPLOYMENT-ID="cpsu-health-assistant-backend" WAS-DEFAULT-HOSTNAME="cpsu-health-assistant-backend-htcmdma4efg3dfd9.scm.southeastasia-01.azurewebsites.net" X-Forwarded-Proto="https" X-AppService-Proto="https" X-Forwarded-TlsVersion="1.3" X-WAWS-Unencoded-URL="/api/deployments/latest?deployer=GITHUB_ZIP_DEPLOY&amp;time=2026-02-15_12-00-15Z" X-Client-IP="52.173.237.210" X-Client-Port="60434" >
  <step title="Cleanup Xml Logs" date="2026-02-15T12:02:30.899" >
    <step title="Cleanup Infos" date="2026-02-15T12:02:31.110" totalFiles="202" totalCleanup="42" /><!-- duration: 11ms -->
  </step><!-- duration: 243ms -->
  <step title="DeploymentService.GetResult" date="2026-02-15T12:02:31.230" >
    <step title="DeploymentService.GetLatestDeployment" date="2026-02-15T12:02:31.291" >
      <step title="DeploymentManager.GetResults" date="2026-02-15T12:02:31.310" /><!-- duration: 3453ms -->
    </step><!-- duration: 3581ms -->
  </step><!-- duration: 3809ms -->
  <step title="Outgoing response" date="2026-02-15T12:02:35.161" type="response" statusCode="202" statusText="Accepted" /><!-- duration: 60ms -->
</step><!-- duration: 4392ms -->
