<step title="BackgroundTrace" date="2026-02-15T14:10:53.437" instance="cbdd36" url="/api/publish" method="POST" >
  <step title="Creating temporary deployment - FetchDeploymentManager" date="2026-02-15T14:10:53.502" /><!-- duration: 7ms -->
  <step title="Creating temporary deployment" date="2026-02-15T14:10:53.511" /><!-- duration: 75ms -->
  <step title="Performing fetch based deployment" date="2026-02-15T14:10:53.615" >
    <step title="Cleaning up temp folders from previous zip deployments and extracting pushed zip file /tmp/zipdeploy/2fe76df2-c72b-4553-908d-f0e0e7b5c093.zip (2.38 MB) to /tmp/zipdeploy/extracted" date="2026-02-15T14:10:55.087" >
      <step title="ChmodRecursive Process exited with total time taken in ms: 95" date="2026-02-15T14:10:55.783" /><!-- duration: 11ms -->
    </step><!-- duration: 721ms -->
    <step title="Deployment timer started" date="2026-02-15T14:10:57.833" >
      <step title="DeploymentManager.Deploy(id:25c7ab90-43ce-4826-a6d3-3f8a8a150970)" date="2026-02-15T14:10:57.843" >
        <step title="Collecting changeset information" date="2026-02-15T14:10:57.883" /><!-- duration: 92ms -->
        <step title="Updating submodules" date="2026-02-15T14:10:57.985" /><!-- duration: 1168ms -->
        <step title="Determining deployment builder" date="2026-02-15T14:10:59.329" >
          <step title="Builder is OneDeployBuilder" date="2026-02-15T14:10:59.345" /><!-- duration: 1ms -->
        </step><!-- duration: 23ms -->
        <step title="PreDeployment: context.CleanOutputPath False" date="2026-02-15T14:10:59.409" >
          <step title="PreDeployment: context.OutputPath /home/site/wwwroot" date="2026-02-15T14:10:59.503" >
            <step title="Building" date="2026-02-15T14:10:59.611" >
              <step title="Executing external process" date="2026-02-15T14:11:00.054" type="process" path="starter.sh" arguments="/opt/Kudu/Scripts/parallel_rsync.sh /tmp/zipdeploy/extracted /home/site/wwwroot 8 /tmp/ False False  " /><!-- duration: 4933ms -->
              <step title="Modified file to trigger a restart of the app container." date="2026-02-15T14:11:05.415" /><!-- duration: 1ms -->
              <step title="Skip function trigger and logicapp sync because function is not enabled." date="2026-02-15T14:11:05.420" /><!-- duration: 5ms -->
            </step><!-- duration: 6776ms -->
          </step><!-- duration: 6888ms -->
          <step title="Cleaning up temp files" date="2026-02-15T14:11:06.392" /><!-- duration: 2ms -->
          <step title="Cleaning up temp files" date="2026-02-15T14:11:06.395" /><!-- duration: 509ms -->
          <step title="Reloading status file with latest updates" date="2026-02-15T14:11:07.043" >
            <step title="WebHooksManager.PublishEventAsync: PostDeployment" date="2026-02-15T14:11:07.045" /><!-- duration: 57ms -->
          </step><!-- duration: 61ms -->
          <step title="Cleaning up temporary deployment - fetch deployment was successful" date="2026-02-15T14:11:07.107" /><!-- duration: 2ms -->
        </step><!-- duration: 7773ms -->
      </step><!-- duration: 9353ms -->
