<step title="Incoming Request" date="2026-02-15T14:11:02.001" instance="cbdd36" url="/api/deployments/latest?deployer=OneDeploy&amp;time=2026-02-15_14-10-53Z" method="GET" type="request" pid="770,1,29" Host="cpsu-health-assistant-backend-htcmdma4efg3dfd9.scm.southeastasia-01.azurewebsites.net" User-Agent="GITHUBACTIONS_DeployWebAppToAzure_968d97079181a3c5d2199e62bb9bc4673270dd4658f735fad79931eaa4aea0d7" Authorization="Bas..." Content-Type="application/json; charset=utf-8" Cookie="ARRAffinity=cbdd362fa4ef45d234c6d90da32d24ba071c218e677864a8ea9a8caf7da74954;Path=/;HttpOnly;Secure;Domain=cpsu-health-assistant-backend-htcmdma4efg3dfd9.scm.southeastasia-01.azurewebsites.net; ARRAffinitySameSite=cbdd362fa4ef45d234c6d90da32d24ba071c218e677864a8ea9a8caf7da74954;Path=/;HttpOnly;SameSite=None;Secure;Domain=cpsu-health-assistant-backend-htcmdma4efg3dfd9.scm.southeastasia-01.azurewebsites.net" Content-Length="0" X-ARR-LOG-ID="65ffedd4-3fcf-4209-812f-f47947b94110" CLIENT-IP="52.154.20.49:6153" X-SITE-DEPLOYMENT-ID="cpsu-health-assistant-backend" WAS-DEFAULT-HOSTNAME="cpsu-health-assistant-backend-htcmdma4efg3dfd9.scm.southeastasia-01.azurewebsites.net" X-Forwarded-Proto="https" X-AppService-Proto="https" X-Forwarded-TlsVersion="1.3" X-WAWS-Unencoded-URL="/api/deployments/latest?deployer=OneDeploy&amp;time=2026-02-15_14-10-53Z" X-Client-IP="52.154.20.49" X-Client-Port="6153" >
  <step title="Cleanup Xml Logs" date="2026-02-15T14:11:02.004" >
    <step title="Cleanup Infos" date="2026-02-15T14:11:02.019" totalFiles="430" totalCleanup="270" /><!-- duration: 7ms -->
  </step><!-- duration: 41ms -->
  <step title="DeploymentService.GetResult" date="2026-02-15T14:11:02.066" >
    <step title="DeploymentService.GetLatestDeployment" date="2026-02-15T14:11:02.084" >
      <step title="DeploymentManager.GetResults" date="2026-02-15T14:11:02.093" /><!-- duration: 1082ms -->
    </step><!-- duration: 1129ms -->
  </step><!-- duration: 1197ms -->
  <step title="Outgoing response" date="2026-02-15T14:11:03.284" type="response" statusCode="202" statusText="Accepted" /><!-- duration: 19ms -->
</step><!-- duration: 1304ms -->
