<step title="Incoming Request" date="2026-02-15T12:35:24.186" instance="cbdd36" url="/api/zipdeploy?isAsync=true&amp;deployer=GITHUB_ZIP_DEPLOY&amp;message=%7B%22type%22%3A%22deployment%22%2C%22sha%22%3A%2279c9b3cccda15ae674a8bb1cfce34ea0cf05f27d%22%2C%22repoName%22%3A%22souchan25%2FvirtualHealthAssistant%22%2C%22actor%22%3A%22souchan25%22%2C%22slotName%22%3A%22production%22%2C%22commitMessage%22%3A%22Refactor%20deployment%20script%20for%20clarity%20and%20checks%5Cn%5CnUpdated%20deployment%20script%20to%20improve%20clarity%20and%20structure%20checks%20for%20the%20health_assistant%20directory.%22%7D" method="POST" type="request" pid="770,1,16" Host="cpsu-health-assistant-backend-htcmdma4efg3dfd9.scm.southeastasia-01.azurewebsites.net" User-Agent="GITHUBACTIONS_DeployWebAppToAzure_968d97079181a3c5d2199e62bb9bc4673270dd4658f735fad79931eaa4aea0d7" Authorization="Bas..." Content-Type="application/octet-stream" Cookie="ARRAffinity=cbdd362fa4ef45d234c6d90da32d24ba071c218e677864a8ea9a8caf7da74954;Path=/;HttpOnly;Secure;Domain=cpsu-health-assistant-backend-htcmdma4efg3dfd9.scm.southeastasia-01.azurewebsites.net; ARRAffinitySameSite=cbdd362fa4ef45d234c6d90da32d24ba071c218e677864a8ea9a8caf7da74954;Path=/;HttpOnly;SameSite=None;Secure;Domain=cpsu-health-assistant-backend-htcmdma4efg3dfd9.scm.southeastasia-01.azurewebsites.net" Transfer-Encoding="chunked" X-ARR-LOG-ID="f16d3ef8-5e50-49f3-a6fc-2b838fbbc9d3" CLIENT-IP="172.182.209.57:1057" X-SITE-DEPLOYMENT-ID="cpsu-health-assistant-backend" WAS-DEFAULT-HOSTNAME="cpsu-health-assistant-backend-htcmdma4efg3dfd9.scm.southeastasia-01.azurewebsites.net" X-Forwarded-Proto="https" X-AppService-Proto="https" X-Forwarded-TlsVersion="1.3" X-WAWS-Unencoded-URL="/api/zipdeploy?isAsync=true&amp;deployer=GITHUB_ZIP_DEPLOY&amp;message=%7B%22type%22%3A%22deployment%22%2C%22sha%22%3A%2279c9b3cccda15ae674a8bb1cfce34ea0cf05f27d%22%2C%22repoName%22%3A%22souchan25%2FvirtualHealthAssistant%22%2C%22actor%22%3A%22souchan25%22%2C%22slotName%22%3A%22production%22%2C%22commitMessage%22%3A%22Refactor%20deployment%20script%20for%20clarity%20and%20checks%5Cn%5CnUpdated%20deployment%20script%20to%20improve%20clarity%20and%20structure%20checks%20for%20the%20health_assistant%20directory.%22%7D" X-Client-IP="172.182.209.57" X-Client-Port="1057" >
  <step title="ZipPushDeploy" date="2026-02-15T12:35:24.207" >
    <step title="ZipDeploy. Extract zip. Remote build." date="2026-02-15T12:35:24.218" /><!-- duration: 18ms -->
    <step title="Starting PushDeployAsync" date="2026-02-15T12:35:24.247" /><!-- duration: 10ms -->
    <step title="Writing artifact to /tmp/zipdeploy/7f4262ac-6259-44a7-8bec-f8e8897aa9b3.zip" date="2026-02-15T12:35:24.306" >
      <step title="Writing multipart request body to /tmp/zipdeploy/7f4262ac-6259-44a7-8bec-f8e8897aa9b3.zip" date="2026-02-15T12:35:24.317" /><!-- duration: 9ms -->
    </step><!-- duration: 1099ms -->
    <step title="Start deployment in the background" date="2026-02-15T12:35:25.427" >
      <step title="Acquiring Deployment Lock" date="2026-02-15T12:35:25.585" /><!-- duration: 2ms -->
      <step title="Cannot Acquire Deployment Lock already held" date="2026-02-15T12:35:25.597" /><!-- duration: 2ms -->
    </step><!-- duration: 203ms -->
    <step title="There is a deployment currently in progress. Please try again when it completes." date="2026-02-15T12:35:25.655" /><!-- duration: 12ms -->
  </step><!-- duration: 1471ms -->
  <step title="Outgoing response" date="2026-02-15T12:35:25.680" type="response" statusCode="409" statusText="Conflict" /><!-- duration: 15ms -->
</step><!-- duration: 1521ms -->
