<step title="Incoming Request" date="2026-02-15T13:26:54.111" instance="cbdd36" url="/api/deployments/latest?deployer=OneDeploy&amp;time=2026-02-15_13-26-47Z" method="GET" type="request" pid="770,1,15" Host="cpsu-health-assistant-backend-htcmdma4efg3dfd9.scm.southeastasia-01.azurewebsites.net" User-Agent="GITHUBACTIONS_DeployWebAppToAzure_968d97079181a3c5d2199e62bb9bc4673270dd4658f735fad79931eaa4aea0d7" Authorization="Bas..." Content-Type="application/json; charset=utf-8" Cookie="ARRAffinity=cbdd362fa4ef45d234c6d90da32d24ba071c218e677864a8ea9a8caf7da74954;Path=/;HttpOnly;Secure;Domain=cpsu-health-assistant-backend-htcmdma4efg3dfd9.scm.southeastasia-01.azurewebsites.net; ARRAffinitySameSite=cbdd362fa4ef45d234c6d90da32d24ba071c218e677864a8ea9a8caf7da74954;Path=/;HttpOnly;SameSite=None;Secure;Domain=cpsu-health-assistant-backend-htcmdma4efg3dfd9.scm.southeastasia-01.azurewebsites.net" Content-Length="0" X-ARR-LOG-ID="069d6d54-8f9a-4d41-ab68-fe3081b4e574" CLIENT-IP="135.232.208.177:28673" X-SITE-DEPLOYMENT-ID="cpsu-health-assistant-backend" WAS-DEFAULT-HOSTNAME="cpsu-health-assistant-backend-htcmdma4efg3dfd9.scm.southeastasia-01.azurewebsites.net" X-Forwarded-Proto="https" X-AppService-Proto="https" X-Forwarded-TlsVersion="1.3" X-WAWS-Unencoded-URL="/api/deployments/latest?deployer=OneDeploy&amp;time=2026-02-15_13-26-47Z" X-Client-IP="135.232.208.177" X-Client-Port="28673" >
  <step title="Cleanup Xml Logs" date="2026-02-15T13:26:54.146" >
    <step title="Cleanup Infos" date="2026-02-15T13:26:54.568" totalFiles="415" totalCleanup="255" /><!-- duration: 63ms -->
  </step><!-- duration: 533ms -->
  <step title="DeploymentService.GetResult" date="2026-02-15T13:26:54.739" >
    <step title="DeploymentService.GetLatestDeployment" date="2026-02-15T13:26:54.782" >
      <step title="DeploymentManager.GetResults" date="2026-02-15T13:26:54.810" /><!-- duration: 924ms -->
    </step><!-- duration: 971ms -->
  </step><!-- duration: 1051ms -->
  <step title="Outgoing response" date="2026-02-15T13:26:55.810" type="response" statusCode="202" statusText="Accepted" /><!-- duration: 24ms -->
</step><!-- duration: 1733ms -->
