<step title="Incoming Request" date="2026-02-15T12:37:41.171" instance="cbdd36" url="/api/deployments/latest?deployer=GITHUB_ZIP_DEPLOY&amp;time=2026-02-15_12-32-30Z" method="GET" type="request" pid="770,1,15" Host="cpsu-health-assistant-backend-htcmdma4efg3dfd9.scm.southeastasia-01.azurewebsites.net" User-Agent="GITHUBACTIONS_DeployWebAppToAzure_968d97079181a3c5d2199e62bb9bc4673270dd4658f735fad79931eaa4aea0d7" Authorization="Bas..." Content-Type="application/json; charset=utf-8" Cookie="ARRAffinity=cbdd362fa4ef45d234c6d90da32d24ba071c218e677864a8ea9a8caf7da74954;Path=/;HttpOnly;Secure;Domain=cpsu-health-assistant-backend-htcmdma4efg3dfd9.scm.southeastasia-01.azurewebsites.net; ARRAffinitySameSite=cbdd362fa4ef45d234c6d90da32d24ba071c218e677864a8ea9a8caf7da74954;Path=/;HttpOnly;SameSite=None;Secure;Domain=cpsu-health-assistant-backend-htcmdma4efg3dfd9.scm.southeastasia-01.azurewebsites.net" Content-Length="0" X-ARR-LOG-ID="f1232bf6-941f-4b4c-9613-c997b4426fb9" CLIENT-IP="64.236.143.36:59417" X-SITE-DEPLOYMENT-ID="cpsu-health-assistant-backend" WAS-DEFAULT-HOSTNAME="cpsu-health-assistant-backend-htcmdma4efg3dfd9.scm.southeastasia-01.azurewebsites.net" X-Forwarded-Proto="https" X-AppService-Proto="https" X-Forwarded-TlsVersion="1.3" X-WAWS-Unencoded-URL="/api/deployments/latest?deployer=GITHUB_ZIP_DEPLOY&amp;time=2026-02-15_12-32-30Z" X-Client-IP="64.236.143.36" X-Client-Port="59417" >
  <step title="Cleanup Xml Logs" date="2026-02-15T12:37:41.173" >
    <step title="Cleanup Infos" date="2026-02-15T12:37:41.198" totalFiles="374" totalCleanup="214" /><!-- duration: 3ms -->
  </step><!-- duration: 29ms -->
  <step title="DeploymentService.GetResult" date="2026-02-15T12:37:41.206" >
    <step title="DeploymentService.GetLatestDeployment" date="2026-02-15T12:37:41.207" >
      <step title="DeploymentManager.GetResults" date="2026-02-15T12:37:41.209" /><!-- duration: 259ms -->
    </step><!-- duration: 262ms -->
  </step><!-- duration: 265ms -->
  <step title="Outgoing response" date="2026-02-15T12:37:41.475" type="response" statusCode="202" statusText="Accepted" /><!-- duration: 2ms -->
</step><!-- duration: 309ms -->
