<step title="BackgroundTrace" date="2026-02-15T13:09:28.133" instance="cbdd36" url="/api/publish" method="POST" >
  <step title="Creating temporary deployment - FetchDeploymentManager" date="2026-02-15T13:09:28.223" /><!-- duration: 1ms -->
  <step title="Creating temporary deployment" date="2026-02-15T13:09:28.226" /><!-- duration: 49ms -->
  <step title="Performing fetch based deployment" date="2026-02-15T13:09:28.304" >
    <step title="Cleaning up temp folders from previous zip deployments and extracting pushed zip file /tmp/zipdeploy/761f597f-18d2-4cc1-90b9-7732ba8feed5.zip (2.38 MB) to /tmp/zipdeploy/extracted" date="2026-02-15T13:09:29.462" >
      <step title="ChmodRecursive Process exited with total time taken in ms: 94" date="2026-02-15T13:09:30.050" /><!-- duration: 11ms -->
    </step><!-- duration: 616ms -->
    <step title="Deployment timer started" date="2026-02-15T13:09:32.162" >
      <step title="DeploymentManager.Deploy(id:ad369b52-fa1f-4144-8516-0a3f4ef77533)" date="2026-02-15T13:09:32.192" >
        <step title="Collecting changeset information" date="2026-02-15T13:09:32.222" /><!-- duration: 149ms -->
        <step title="Updating submodules" date="2026-02-15T13:09:32.382" /><!-- duration: 1137ms -->
        <step title="Determining deployment builder" date="2026-02-15T13:09:33.720" >
          <step title="Builder is OneDeployBuilder" date="2026-02-15T13:09:33.734" /><!-- duration: 10ms -->
        </step><!-- duration: 26ms -->
        <step title="PreDeployment: context.CleanOutputPath False" date="2026-02-15T13:09:33.800" >
          <step title="PreDeployment: context.OutputPath /home/site/wwwroot" date="2026-02-15T13:09:33.915" >
            <step title="Building" date="2026-02-15T13:09:34.035" >
              <step title="Executing external process" date="2026-02-15T13:09:34.494" type="process" path="starter.sh" arguments="/opt/Kudu/Scripts/parallel_rsync.sh /tmp/zipdeploy/extracted /home/site/wwwroot 8 /tmp/ False False  " /><!-- duration: 4827ms -->
              <step title="Modified file to trigger a restart of the app container." date="2026-02-15T13:09:39.763" /><!-- duration: 2ms -->
              <step title="Skip function trigger and logicapp sync because function is not enabled." date="2026-02-15T13:09:39.766" /><!-- duration: 1ms -->
            </step><!-- duration: 6700ms -->
          </step><!-- duration: 6823ms -->
          <step title="Cleaning up temp files" date="2026-02-15T13:09:40.740" /><!-- duration: 2ms -->
          <step title="Cleaning up temp files" date="2026-02-15T13:09:40.744" /><!-- duration: 503ms -->
          <step title="Reloading status file with latest updates" date="2026-02-15T13:09:41.285" >
            <step title="WebHooksManager.PublishEventAsync: PostDeployment" date="2026-02-15T13:09:41.287" /><!-- duration: 18ms -->
          </step><!-- duration: 21ms -->
          <step title="Cleaning up temporary deployment - fetch deployment was successful" date="2026-02-15T13:09:41.309" /><!-- duration: 2ms -->
        </step><!-- duration: 7587ms -->
      </step><!-- duration: 9208ms -->
