<step title="Incoming Request" date="2026-02-15T14:35:19.730" instance="cbdd36" url="/api/publish?async=true&amp;deployer=GITHUB_ONE_DEPLOY&amp;type=zip&amp;message=%7B%22type%22%3A%22deployment%22%2C%22sha%22%3A%2252d704436e06b437a20d2fc8992c62839269e98d%22%2C%22repoName%22%3A%22souchan25%2FvirtualHealthAssistant%22%2C%22actor%22%3A%22souchan25%22%2C%22slotName%22%3A%22production%22%2C%22commitMessage%22%3A%22Optimize%20startup%20by%20skipping%20slow%20collectstatic%5Cn%5Cn-%20Skip%20collectstatic%20during%20startup%20to%20avoid%203%2B%20minute%20delays%5Cn-%20Changed%20STATICFILES_STORAGE%20to%20use%20faster%20non-compressed%20version%5Cn-%20WhiteNoise%20middleware%20still%20serves%20static%20files%20efficiently%5Cn-%20Migrations%20run%20immediately%20without%20waiting%20for%20static%20files%5Cn%5CnBefore%3A%20Startup%20took%205%2B%20minutes%20(hung%20on%20collectstatic)%5CnAfter%3A%20Startup%20completes%20in%20%3C1%20minute%5Cn%5CnStatic%20files%20can%20be%20collected%20manually%20if%20needed%3A%5Cnpython%20manage.py%20collectstatic%20--noinput%5Cn%5CnCo-authored-by%3A%20Cursor%20%3Ccursoragent%40cursor.com%3E%22%7D" method="POST" type="request" pid="768,1,25" Host="cpsu-health-assistant-backend-htcmdma4efg3dfd9.scm.southeastasia-01.azurewebsites.net" User-Agent="GITHUBACTIONS_DeployWebAppToAzure_968d97079181a3c5d2199e62bb9bc4673270dd4658f735fad79931eaa4aea0d7" Authorization="Bas..." Content-Type="application/octet-stream" Cookie="ARRAffinity=cbdd362fa4ef45d234c6d90da32d24ba071c218e677864a8ea9a8caf7da74954;Path=/;HttpOnly;Secure;Domain=cpsu-health-assistant-backend-htcmdma4efg3dfd9.scm.southeastasia-01.azurewebsites.net; ARRAffinitySameSite=cbdd362fa4ef45d234c6d90da32d24ba071c218e677864a8ea9a8caf7da74954;Path=/;HttpOnly;SameSite=None;Secure;Domain=cpsu-health-assistant-backend-htcmdma4efg3dfd9.scm.southeastasia-01.azurewebsites.net" Transfer-Encoding="chunked" X-ARR-LOG-ID="d618f96c-221b-42d4-9376-78cb09034ad4" CLIENT-IP="9.234.151.113:63424" X-SITE-DEPLOYMENT-ID="cpsu-health-assistant-backend" WAS-DEFAULT-HOSTNAME="cpsu-health-assistant-backend-htcmdma4efg3dfd9.scm.southeastasia-01.azurewebsites.net" X-Forwarded-Proto="https" X-AppService-Proto="https" X-Forwarded-TlsVersion="1.3" X-WAWS-Unencoded-URL="/api/publish?async=true&amp;deployer=GITHUB_ONE_DEPLOY&amp;type=zip&amp;message=%7B%22type%22%3A%22deployment%22%2C%22sha%22%3A%2252d704436e06b437a20d2fc8992c62839269e98d%22%2C%22repoName%22%3A%22souchan25%2FvirtualHealthAssistant%22%2C%22actor%22%3A%22souchan25%22%2C%22slotName%22%3A%22production%22%2C%22commitMessage%22%3A%22Optimize%20startup%20by%20skipping%20slow%20collectstatic%5Cn%5Cn-%20Skip%20collectstatic%20during%20startup%20to%20avoid%203%2B%20minute%20delays%5Cn-%20Changed%20STATICFILES_STORAGE%20to%20use%20faster%20non-compressed%20version%5Cn-%20WhiteNoise%20middleware%20still%20serves%20static%20files%20efficiently%5Cn-%20Migrations%20run%20immediately%20without%20waiting%20for%20static%20files%5Cn%5CnBefore%3A%20Startup%20took%205%2B%20minutes%20(hung%20on%20collectstatic)%5CnAfter%3A%20Startup%20completes%20in%20%3C1%20minute%5Cn%5CnStatic%20files%20can%20be%20collected%20manually%20if%20needed%3A%5Cnpython%20manage.py%20collectstatic%20--noinput%5Cn%5CnCo-authored-by%3A%20Cursor%20%3Ccursoragent%40cursor.com%3E%22%7D" X-Client-IP="9.234.151.113" X-Client-Port="63424" >
  <step title="OneDeploy" date="2026-02-15T14:35:19.808" >
    <step title="Starting PushDeployAsync" date="2026-02-15T14:35:19.837" /><!-- duration: 2ms -->
    <step title="Writing artifact to /tmp/zipdeploy/d47303cb-cd3c-4ca8-aaa3-7a88280dd983.zip" date="2026-02-15T14:35:19.866" >
      <step title="Writing multipart request body to /tmp/zipdeploy/d47303cb-cd3c-4ca8-aaa3-7a88280dd983.zip" date="2026-02-15T14:35:19.886" /><!-- duration: 1ms -->
    </step><!-- duration: 1363ms -->
    <step title="Start deployment in the background" date="2026-02-15T14:35:21.341" >
      <step title="Acquiring Deployment Lock" date="2026-02-15T14:35:21.431" /><!-- duration: 31ms -->
      <step title="Acquired Deployment Lock" date="2026-02-15T14:35:21.512" /><!-- duration: 29ms -->
    </step><!-- duration: 550ms -->
  </step><!-- duration: 2096ms -->
  <step title="Outgoing response" date="2026-02-15T14:35:21.907" type="response" statusCode="202" statusText="Accepted" /><!-- duration: 2ms -->
</step><!-- duration: 2180ms -->
