<step title="Incoming Request" date="2026-02-15T12:03:34.074" instance="cbdd36" url="/api/deployments/latest?deployer=GITHUB_ZIP_DEPLOY&amp;time=2026-02-15_12-00-15Z" method="GET" type="request" pid="770,1,5" Host="cpsu-health-assistant-backend-htcmdma4efg3dfd9.scm.southeastasia-01.azurewebsites.net" User-Agent="GITHUBACTIONS_DeployWebAppToAzure_968d97079181a3c5d2199e62bb9bc4673270dd4658f735fad79931eaa4aea0d7" Authorization="Bas..." Content-Type="application/json; charset=utf-8" Cookie="ARRAffinity=cbdd362fa4ef45d234c6d90da32d24ba071c218e677864a8ea9a8caf7da74954;Path=/;HttpOnly;Secure;Domain=cpsu-health-assistant-backend-htcmdma4efg3dfd9.scm.southeastasia-01.azurewebsites.net; ARRAffinitySameSite=cbdd362fa4ef45d234c6d90da32d24ba071c218e677864a8ea9a8caf7da74954;Path=/;HttpOnly;SameSite=None;Secure;Domain=cpsu-health-assistant-backend-htcmdma4efg3dfd9.scm.southeastasia-01.azurewebsites.net" Content-Length="0" X-ARR-LOG-ID="d9fcdd9b-0d56-4dd9-bc48-051afd51b419" CLIENT-IP="52.173.237.210:60432" X-SITE-DEPLOYMENT-ID="cpsu-health-assistant-backend" WAS-DEFAULT-HOSTNAME="cpsu-health-assistant-backend-htcmdma4efg3dfd9.scm.southeastasia-01.azurewebsites.net" X-Forwarded-Proto="https" X-AppService-Proto="https" X-Forwarded-TlsVersion="1.3" X-WAWS-Unencoded-URL="/api/deployments/latest?deployer=GITHUB_ZIP_DEPLOY&amp;time=2026-02-15_12-00-15Z" X-Client-IP="52.173.237.210" X-Client-Port="60432" >
  <step title="Cleanup Xml Logs" date="2026-02-15T12:03:34.084" >
    <step title="Cleanup Infos" date="2026-02-15T12:03:34.117" totalFiles="209" totalCleanup="49" /><!-- duration: 30ms -->
  </step><!-- duration: 90ms -->
  <step title="DeploymentService.GetResult" date="2026-02-15T12:03:34.245" >
    <step title="DeploymentService.GetLatestDeployment" date="2026-02-15T12:03:34.247" >
      <step title="DeploymentManager.GetResults" date="2026-02-15T12:03:34.256" /><!-- duration: 786ms -->
    </step><!-- duration: 815ms -->
  </step><!-- duration: 836ms -->
  <step title="Outgoing response" date="2026-02-15T12:03:35.100" type="response" statusCode="202" statusText="Accepted" /><!-- duration: 2ms -->
</step><!-- duration: 1038ms -->
