<step title="Incoming Request" date="2026-02-15T12:07:45.815" instance="cbdd36" url="/api/zipdeploy?isAsync=true&amp;deployer=GITHUB_ZIP_DEPLOY&amp;message=%7B%22type%22%3A%22deployment%22%2C%22sha%22%3A%227ea7235ef991a3952c2afa36b5ed89463e44596f%22%2C%22repoName%22%3A%22souchan25%2FvirtualHealthAssistant%22%2C%22actor%22%3A%22souchan25%22%2C%22slotName%22%3A%22production%22%2C%22commitMessage%22%3A%22Enhance%20deployment%20package%20verification%20in%20workflow%5Cn%5CnUpdated%20deployment%20script%20to%20include%20verification%20of%20health_assistant%20directory%20and%20improved%20echo%20statements.%22%7D" method="POST" type="request" pid="770,1,23" Host="cpsu-health-assistant-backend-htcmdma4efg3dfd9.scm.southeastasia-01.azurewebsites.net" User-Agent="GITHUBACTIONS_DeployWebAppToAzure_968d97079181a3c5d2199e62bb9bc4673270dd4658f735fad79931eaa4aea0d7" Authorization="Bas..." Content-Type="application/octet-stream" Cookie="ARRAffinity=cbdd362fa4ef45d234c6d90da32d24ba071c218e677864a8ea9a8caf7da74954;Path=/;HttpOnly;Secure;Domain=cpsu-health-assistant-backend-htcmdma4efg3dfd9.scm.southeastasia-01.azurewebsites.net; ARRAffinitySameSite=cbdd362fa4ef45d234c6d90da32d24ba071c218e677864a8ea9a8caf7da74954;Path=/;HttpOnly;SameSite=None;Secure;Domain=cpsu-health-assistant-backend-htcmdma4efg3dfd9.scm.southeastasia-01.azurewebsites.net" Transfer-Encoding="chunked" X-ARR-LOG-ID="181ad510-2249-4b1d-8080-a82197b9e147" CLIENT-IP="172.182.202.193:49088" X-SITE-DEPLOYMENT-ID="cpsu-health-assistant-backend" WAS-DEFAULT-HOSTNAME="cpsu-health-assistant-backend-htcmdma4efg3dfd9.scm.southeastasia-01.azurewebsites.net" X-Forwarded-Proto="https" X-AppService-Proto="https" X-Forwarded-TlsVersion="1.3" X-WAWS-Unencoded-URL="/api/zipdeploy?isAsync=true&amp;deployer=GITHUB_ZIP_DEPLOY&amp;message=%7B%22type%22%3A%22deployment%22%2C%22sha%22%3A%227ea7235ef991a3952c2afa36b5ed89463e44596f%22%2C%22repoName%22%3A%22souchan25%2FvirtualHealthAssistant%22%2C%22actor%22%3A%22souchan25%22%2C%22slotName%22%3A%22production%22%2C%22commitMessage%22%3A%22Enhance%20deployment%20package%20verification%20in%20workflow%5Cn%5CnUpdated%20deployment%20script%20to%20include%20verification%20of%20health_assistant%20directory%20and%20improved%20echo%20statements.%22%7D" X-Client-IP="172.182.202.193" X-Client-Port="49088" >
  <step title="Cleanup Xml Logs" date="2026-02-15T12:07:45.834" >
    <step title="Cleanup Infos" date="2026-02-15T12:07:45.852" totalFiles="256" totalCleanup="96" /><!-- duration: 21ms -->
  </step><!-- duration: 41ms -->
  <step title="ZipPushDeploy" date="2026-02-15T12:07:45.885" >
    <step title="ZipDeploy. Extract zip. Remote build." date="2026-02-15T12:07:45.905" /><!-- duration: 37ms -->
    <step title="Starting PushDeployAsync" date="2026-02-15T12:07:45.945" /><!-- duration: 8ms -->
    <step title="Writing artifact to /tmp/zipdeploy/212f2f91-3884-441f-9fa1-d0273fe0923a.zip" date="2026-02-15T12:07:46.004" >
      <step title="Writing multipart request body to /tmp/zipdeploy/212f2f91-3884-441f-9fa1-d0273fe0923a.zip" date="2026-02-15T12:07:46.015" /><!-- duration: 9ms -->
    </step><!-- duration: 1043ms -->
    <step title="Start deployment in the background" date="2026-02-15T12:07:47.065" >
      <step title="Acquiring Deployment Lock" date="2026-02-15T12:07:47.095" /><!-- duration: 8ms -->
      <step title="Cannot Acquire Deployment Lock already held" date="2026-02-15T12:07:47.115" /><!-- duration: 11ms -->
    </step><!-- duration: 178ms -->
    <step title="There is a deployment currently in progress. Please try again when it completes." date="2026-02-15T12:07:47.274" /><!-- duration: 10ms -->
  </step><!-- duration: 1418ms -->
  <step title="Outgoing response" date="2026-02-15T12:07:47.314" type="response" statusCode="409" statusText="Conflict" /><!-- duration: 40ms -->
</step><!-- duration: 1560ms -->
