<step title="Incoming Request" date="2026-02-15T12:36:23.258" instance="cbdd36" url="/api/deployments/latest?deployer=GITHUB_ZIP_DEPLOY&amp;time=2026-02-15_12-32-30Z" method="GET" type="request" pid="770,1,5" Host="cpsu-health-assistant-backend-htcmdma4efg3dfd9.scm.southeastasia-01.azurewebsites.net" User-Agent="GITHUBACTIONS_DeployWebAppToAzure_968d97079181a3c5d2199e62bb9bc4673270dd4658f735fad79931eaa4aea0d7" Authorization="Bas..." Content-Type="application/json; charset=utf-8" Cookie="ARRAffinity=cbdd362fa4ef45d234c6d90da32d24ba071c218e677864a8ea9a8caf7da74954;Path=/;HttpOnly;Secure;Domain=cpsu-health-assistant-backend-htcmdma4efg3dfd9.scm.southeastasia-01.azurewebsites.net; ARRAffinitySameSite=cbdd362fa4ef45d234c6d90da32d24ba071c218e677864a8ea9a8caf7da74954;Path=/;HttpOnly;SameSite=None;Secure;Domain=cpsu-health-assistant-backend-htcmdma4efg3dfd9.scm.southeastasia-01.azurewebsites.net" Content-Length="0" X-ARR-LOG-ID="ebd6368b-8ee3-4687-8f56-74f1d36d817c" CLIENT-IP="64.236.143.36:59416" X-SITE-DEPLOYMENT-ID="cpsu-health-assistant-backend" WAS-DEFAULT-HOSTNAME="cpsu-health-assistant-backend-htcmdma4efg3dfd9.scm.southeastasia-01.azurewebsites.net" X-Forwarded-Proto="https" X-AppService-Proto="https" X-Forwarded-TlsVersion="1.3" X-WAWS-Unencoded-URL="/api/deployments/latest?deployer=GITHUB_ZIP_DEPLOY&amp;time=2026-02-15_12-32-30Z" X-Client-IP="64.236.143.36" X-Client-Port="59416" >
  <step title="Cleanup Xml Logs" date="2026-02-15T12:36:23.278" >
    <step title="Cleanup Infos" date="2026-02-15T12:36:23.566" totalFiles="362" totalCleanup="202" /><!-- duration: 40ms -->
  </step><!-- duration: 336ms -->
  <step title="DeploymentService.GetResult" date="2026-02-15T12:36:23.661" >
    <step title="DeploymentService.GetLatestDeployment" date="2026-02-15T12:36:23.671" >
      <step title="DeploymentManager.GetResults" date="2026-02-15T12:36:23.691" /><!-- duration: 743ms -->
    </step><!-- duration: 773ms -->
  </step><!-- duration: 785ms -->
  <step title="Outgoing response" date="2026-02-15T12:36:24.475" type="response" statusCode="202" statusText="Accepted" /><!-- duration: 29ms -->
</step><!-- duration: 1281ms -->
