<step title="Incoming Request" date="2026-02-15T11:42:21.831" instance="cbdd36" url="/api/zipdeploy?isAsync=true&amp;deployer=GITHUB_ZIP_DEPLOY&amp;message=%7B%22type%22%3A%22deployment%22%2C%22sha%22%3A%220cd4f64c3ea3faceab0793482ebe1d5c8fd1d5a3%22%2C%22repoName%22%3A%22souchan25%2FvirtualHealthAssistant%22%2C%22actor%22%3A%22souchan25%22%2C%22slotName%22%3A%22production%22%2C%22commitMessage%22%3A%22Remove%20startup%20command%20from%20Azure%20deployment%20workflow%22%7D" method="POST" type="request" pid="770,1,18" Host="cpsu-health-assistant-backend-htcmdma4efg3dfd9.scm.southeastasia-01.azurewebsites.net" User-Agent="GITHUBACTIONS_DeployWebAppToAzure_968d97079181a3c5d2199e62bb9bc4673270dd4658f735fad79931eaa4aea0d7" Authorization="Bas..." Content-Type="application/octet-stream" Cookie="ARRAffinity=cbdd362fa4ef45d234c6d90da32d24ba071c218e677864a8ea9a8caf7da74954;Path=/;HttpOnly;Secure;Domain=cpsu-health-assistant-backend-htcmdma4efg3dfd9.scm.southeastasia-01.azurewebsites.net; ARRAffinitySameSite=cbdd362fa4ef45d234c6d90da32d24ba071c218e677864a8ea9a8caf7da74954;Path=/;HttpOnly;SameSite=None;Secure;Domain=cpsu-health-assistant-backend-htcmdma4efg3dfd9.scm.southeastasia-01.azurewebsites.net" Transfer-Encoding="chunked" X-ARR-LOG-ID="851a87e1-954c-4a40-8f3a-5e4cef8c5b4b" CLIENT-IP="48.211.211.33:55232" X-SITE-DEPLOYMENT-ID="cpsu-health-assistant-backend" WAS-DEFAULT-HOSTNAME="cpsu-health-assistant-backend-htcmdma4efg3dfd9.scm.southeastasia-01.azurewebsites.net" X-Forwarded-Proto="https" X-AppService-Proto="https" X-Forwarded-TlsVersion="1.3" X-WAWS-Unencoded-URL="/api/zipdeploy?isAsync=true&amp;deployer=GITHUB_ZIP_DEPLOY&amp;message=%7B%22type%22%3A%22deployment%22%2C%22sha%22%3A%220cd4f64c3ea3faceab0793482ebe1d5c8fd1d5a3%22%2C%22repoName%22%3A%22souchan25%2FvirtualHealthAssistant%22%2C%22actor%22%3A%22souchan25%22%2C%22slotName%22%3A%22production%22%2C%22commitMessage%22%3A%22Remove%20startup%20command%20from%20Azure%20deployment%20workflow%22%7D" X-Client-IP="48.211.211.33" X-Client-Port="55232" >
  <step title="Cleanup Xml Logs" date="2026-02-15T11:42:21.868" /><!-- duration: 208ms -->
  <step title="ZipPushDeploy" date="2026-02-15T11:42:23.504" >
    <step title="ZipDeploy. Extract zip. Remote build." date="2026-02-15T11:42:23.619" /><!-- duration: 21ms -->
    <step title="None repository commit" date="2026-02-15T11:42:23.789" >
      <step title="Commit id: 185a3628-c1af-4341-8c06-f436801d2c53" date="2026-02-15T11:42:23.810" Message="N/A" AuthorName="N/A" AuthorEmail="N/A" /><!-- duration: 68ms -->
    </step><!-- duration: 108ms -->
    <step title="Starting PushDeployAsync" date="2026-02-15T11:42:24.140" /><!-- duration: 155ms -->
    <step title="Writing artifact to /tmp/zipdeploy/b97a85fc-ab4c-4732-b765-23cc8566084f.zip" date="2026-02-15T11:42:25.717" >
      <step title="Writing multipart request body to /tmp/zipdeploy/b97a85fc-ab4c-4732-b765-23cc8566084f.zip" date="2026-02-15T11:42:25.925" /><!-- duration: 131ms -->
    </step><!-- duration: 5857ms -->
    <step title="Removing previous build artifact&apos;s manifest file" date="2026-02-15T11:42:32.066" >
      <step title="Start deployment in the background" date="2026-02-15T11:42:32.405" >
        <step title="Acquiring Deployment Lock" date="2026-02-15T11:42:33.459" /><!-- duration: 2ms -->
        <step title="Acquired Deployment Lock" date="2026-02-15T11:42:34.186" /><!-- duration: 80ms -->
      </step><!-- duration: 2513ms -->
    </step><!-- duration: 2930ms -->
    <step title="Outgoing response" date="2026-02-15T11:42:35.027" type="response" statusCode="202" statusText="Accepted" /><!-- duration: 62ms -->
  </step><!-- duration: 11612ms -->
