<step title="Incoming Request" date="2026-02-16T03:44:38.891" instance="cbdd36" url="/cpsu-health-assistant-backend.git/info/refs?service=git-upload-pack" method="GET" type="request" pid="768,1,5" Accept="*/*" Host="cpsu-health-assistant-backend-htcmdma4efg3dfd9.scm.southeastasia-01.azurewebsites.net" User-Agent="git/2.49.0.windows.1" Accept-Encoding="deflate, gzip, br, zstd" Authorization="Bas..." Pragma="no-cache" Git-Protocol="version=2" X-ARR-LOG-ID="d4589c36-e89b-4a1a-87a3-e6a4be73ca02" CLIENT-IP="203.177.89.58:57153" X-SITE-DEPLOYMENT-ID="cpsu-health-assistant-backend" WAS-DEFAULT-HOSTNAME="cpsu-health-assistant-backend-htcmdma4efg3dfd9.scm.southeastasia-01.azurewebsites.net" X-Forwarded-Proto="https" X-AppService-Proto="https" X-Forwarded-TlsVersion="1.3" X-WAWS-Unencoded-URL="/cpsu-health-assistant-backend.git/info/refs?service=git-upload-pack" X-Client-IP="203.177.89.58" X-Client-Port="57153" >
  <step title="Cleanup Xml Logs" date="2026-02-16T03:44:38.893" >
    <step title="Cleanup Infos" date="2026-02-16T03:44:38.913" totalFiles="450" totalCleanup="290" /><!-- duration: 4ms -->
  </step><!-- duration: 26ms -->
  <step title="InfoRefsService.Execute" date="2026-02-16T03:44:38.934" >
    <step title="Executing external process" date="2026-02-16T03:44:38.940" type="process" path="git" arguments="rev-parse --git-dir" /><!-- duration: 20ms -->
    <step title="Assuming git repository at /home/site/repository" date="2026-02-16T03:44:38.961" /><!-- duration: 1ms -->
    <step title="InfoRefsService.SmartInfoRefs" date="2026-02-16T03:44:38.965" >
      <step title="Executing external process" date="2026-02-16T03:44:38.973" type="process" path="git" arguments="rev-parse --git-dir" /><!-- duration: 11ms -->
      <step title="Assuming git repository at /home/site/repository" date="2026-02-16T03:44:38.992" /><!-- duration: 2ms -->
      <step title="GitExeServer.AdvertiseUploadPack" date="2026-02-16T03:44:38.997" >
        <step title="Executing external process" date="2026-02-16T03:44:38.999" type="process" path="git" arguments="upload-pack --stateless-rpc --advertise-refs &quot;/home/site/repository&quot;" /><!-- duration: 26ms -->
      </step><!-- duration: 30ms -->
      <step title="Writing 38 bytes" date="2026-02-16T03:44:39.028" /><!-- duration: 2ms -->
    </step><!-- duration: 66ms -->
  </step><!-- duration: 99ms -->
  <step title="Outgoing response" date="2026-02-16T03:44:39.039" type="response" statusCode="200" statusText="OK" /><!-- duration: 2ms -->
</step><!-- duration: 156ms -->
