<step title="Incoming Request" date="2026-02-15T12:40:11.215" instance="cbdd36" url="/api/publish?async=true&amp;deployer=GITHUB_ONE_DEPLOY&amp;type=zip&amp;message=%7B%22type%22%3A%22deployment%22%2C%22sha%22%3A%221add3414786e8725a8117a4330dc80b6580732c9%22%2C%22repoName%22%3A%22souchan25%2FvirtualHealthAssistant%22%2C%22actor%22%3A%22souchan25%22%2C%22slotName%22%3A%22production%22%2C%22commitMessage%22%3A%22Refactor%20Azure%20deployment%20workflow%20for%20ZIP%20packaging%5Cn%5CnUpdated%20deployment%20workflow%20to%20create%20a%20ZIP%20package%20for%20deployment%20and%20modified%20artifact%20handling.%22%7D" method="POST" type="request" pid="770,1,7" Host="cpsu-health-assistant-backend-htcmdma4efg3dfd9.scm.southeastasia-01.azurewebsites.net" User-Agent="GITHUBACTIONS_DeployWebAppToAzure_968d97079181a3c5d2199e62bb9bc4673270dd4658f735fad79931eaa4aea0d7" Authorization="Bas..." Content-Type="application/octet-stream" Cookie="ARRAffinity=cbdd362fa4ef45d234c6d90da32d24ba071c218e677864a8ea9a8caf7da74954;Path=/;HttpOnly;Secure;Domain=cpsu-health-assistant-backend-htcmdma4efg3dfd9.scm.southeastasia-01.azurewebsites.net; ARRAffinitySameSite=cbdd362fa4ef45d234c6d90da32d24ba071c218e677864a8ea9a8caf7da74954;Path=/;HttpOnly;SameSite=None;Secure;Domain=cpsu-health-assistant-backend-htcmdma4efg3dfd9.scm.southeastasia-01.azurewebsites.net" Transfer-Encoding="chunked" X-ARR-LOG-ID="40173a81-b794-4ee0-b166-d29064e5d943" CLIENT-IP="132.196.19.18:54272" X-SITE-DEPLOYMENT-ID="cpsu-health-assistant-backend" WAS-DEFAULT-HOSTNAME="cpsu-health-assistant-backend-htcmdma4efg3dfd9.scm.southeastasia-01.azurewebsites.net" X-Forwarded-Proto="https" X-AppService-Proto="https" X-Forwarded-TlsVersion="1.3" X-WAWS-Unencoded-URL="/api/publish?async=true&amp;deployer=GITHUB_ONE_DEPLOY&amp;type=zip&amp;message=%7B%22type%22%3A%22deployment%22%2C%22sha%22%3A%221add3414786e8725a8117a4330dc80b6580732c9%22%2C%22repoName%22%3A%22souchan25%2FvirtualHealthAssistant%22%2C%22actor%22%3A%22souchan25%22%2C%22slotName%22%3A%22production%22%2C%22commitMessage%22%3A%22Refactor%20Azure%20deployment%20workflow%20for%20ZIP%20packaging%5Cn%5CnUpdated%20deployment%20workflow%20to%20create%20a%20ZIP%20package%20for%20deployment%20and%20modified%20artifact%20handling.%22%7D" X-Client-IP="132.196.19.18" X-Client-Port="54272" >
  <step title="OneDeploy" date="2026-02-15T12:40:11.243" >
    <step title="None repository commit" date="2026-02-15T12:40:11.249" >
      <step title="Commit id: 224f263e-eb73-4c25-9156-ca8af8224c97" date="2026-02-15T12:40:11.254" Message="N/A" AuthorName="N/A" AuthorEmail="N/A" /><!-- duration: 1ms -->
    </step><!-- duration: 8ms -->
    <step title="Starting PushDeployAsync" date="2026-02-15T12:40:11.258" /><!-- duration: 1ms -->
    <step title="Writing artifact to /tmp/zipdeploy/94f2afd7-3db1-4f54-8ae6-e36a70339fe7.zip" date="2026-02-15T12:40:11.270" >
      <step title="Writing multipart request body to /tmp/zipdeploy/94f2afd7-3db1-4f54-8ae6-e36a70339fe7.zip" date="2026-02-15T12:40:11.297" /><!-- duration: 9ms -->
    </step><!-- duration: 1126ms -->
    <step title="Start deployment in the background" date="2026-02-15T12:40:12.409" >
      <step title="Acquiring Deployment Lock" date="2026-02-15T12:40:12.454" /><!-- duration: 2ms -->
      <step title="Acquired Deployment Lock" date="2026-02-15T12:40:12.489" /><!-- duration: 4ms -->
    </step><!-- duration: 138ms -->
  </step><!-- duration: 1320ms -->
  <step title="Outgoing response" date="2026-02-15T12:40:12.574" type="response" statusCode="202" statusText="Accepted" /><!-- duration: 2ms -->
</step><!-- duration: 1362ms -->
