<step title="Incoming Request" date="2026-02-15T14:21:00.859" instance="cbdd36" url="/api/deployments/latest?deployer=OneDeploy&amp;time=2026-02-15_14-20-53Z" method="GET" type="request" pid="768,1,18" Host="cpsu-health-assistant-backend-htcmdma4efg3dfd9.scm.southeastasia-01.azurewebsites.net" User-Agent="GITHUBACTIONS_DeployWebAppToAzure_968d97079181a3c5d2199e62bb9bc4673270dd4658f735fad79931eaa4aea0d7" Authorization="Bas..." Content-Type="application/json; charset=utf-8" Cookie="ARRAffinity=cbdd362fa4ef45d234c6d90da32d24ba071c218e677864a8ea9a8caf7da74954;Path=/;HttpOnly;Secure;Domain=cpsu-health-assistant-backend-htcmdma4efg3dfd9.scm.southeastasia-01.azurewebsites.net; ARRAffinitySameSite=cbdd362fa4ef45d234c6d90da32d24ba071c218e677864a8ea9a8caf7da74954;Path=/;HttpOnly;SameSite=None;Secure;Domain=cpsu-health-assistant-backend-htcmdma4efg3dfd9.scm.southeastasia-01.azurewebsites.net" Content-Length="0" X-ARR-LOG-ID="4d3ad7e4-9ad0-487b-8c71-03630ace7ef0" CLIENT-IP="172.208.126.100:25601" X-SITE-DEPLOYMENT-ID="cpsu-health-assistant-backend" WAS-DEFAULT-HOSTNAME="cpsu-health-assistant-backend-htcmdma4efg3dfd9.scm.southeastasia-01.azurewebsites.net" X-Forwarded-Proto="https" X-AppService-Proto="https" X-Forwarded-TlsVersion="1.3" X-WAWS-Unencoded-URL="/api/deployments/latest?deployer=OneDeploy&amp;time=2026-02-15_14-20-53Z" X-Client-IP="172.208.126.100" X-Client-Port="25601" >
  <step title="Cleanup Xml Logs" date="2026-02-15T14:21:00.880" >
    <step title="Cleanup Infos" date="2026-02-15T14:21:00.939" totalFiles="438" totalCleanup="278" /><!-- duration: 23ms -->
  </step><!-- duration: 111ms -->
  <step title="DeploymentService.GetResult" date="2026-02-15T14:21:01.228" >
    <step title="DeploymentService.GetLatestDeployment" date="2026-02-15T14:21:01.258" >
      <step title="DeploymentManager.GetResults" date="2026-02-15T14:21:01.275" /><!-- duration: 1629ms -->
    </step><!-- duration: 1656ms -->
  </step><!-- duration: 1712ms -->
  <step title="Outgoing response" date="2026-02-15T14:21:02.943" type="response" statusCode="202" statusText="Accepted" /><!-- duration: 10ms -->
</step><!-- duration: 2114ms -->
