<step title="Incoming Request" date="2026-02-15T13:26:46.064" instance="cbdd36" url="/api/publish?async=true&amp;deployer=GITHUB_ONE_DEPLOY&amp;type=zip&amp;message=%7B%22type%22%3A%22deployment%22%2C%22sha%22%3A%22a1c239690d4f0d5e15e4254f5956f84e850cf144%22%2C%22repoName%22%3A%22souchan25%2FvirtualHealthAssistant%22%2C%22actor%22%3A%22souchan25%22%2C%22slotName%22%3A%22production%22%2C%22commitMessage%22%3A%22Fix%20Azure%20deployment%3A%20Add%20root%20requirements.txt%20and%20update%20dependencies%5Cn%5Cn-%20Created%20root-level%20requirements.txt%20for%20Azure%20App%20Service%20Python%20build%5Cn-%20Updated%20gunicorn%20from%2021.2.0%20to%2024.1.1%20to%20match%20Azure%20runtime%5Cn-%20Modified%20startup.sh%20to%20explicitly%20install%20dependencies%20before%20starting%5Cn-%20Ensures%20Django%20and%20all%20dependencies%20are%20available%20at%20runtime%5Cn%5CnThis%20fixes%20the%20%5C%22ModuleNotFoundError%3A%20No%20module%20named%20%27django%27%5C%22%20error%5Cnby%20making%20requirements%20discoverable%20to%20Azure%27s%20Oryx%20build%20system.%5Cn%5CnCo-authored-by%3A%20Cursor%20%3Ccursoragent%40cursor.com%3E%22%7D" method="POST" type="request" pid="770,1,25" Host="cpsu-health-assistant-backend-htcmdma4efg3dfd9.scm.southeastasia-01.azurewebsites.net" User-Agent="GITHUBACTIONS_DeployWebAppToAzure_968d97079181a3c5d2199e62bb9bc4673270dd4658f735fad79931eaa4aea0d7" Authorization="Bas..." Content-Type="application/octet-stream" Cookie="ARRAffinity=cbdd362fa4ef45d234c6d90da32d24ba071c218e677864a8ea9a8caf7da74954;Path=/;HttpOnly;Secure;Domain=cpsu-health-assistant-backend-htcmdma4efg3dfd9.scm.southeastasia-01.azurewebsites.net; ARRAffinitySameSite=cbdd362fa4ef45d234c6d90da32d24ba071c218e677864a8ea9a8caf7da74954;Path=/;HttpOnly;SameSite=None;Secure;Domain=cpsu-health-assistant-backend-htcmdma4efg3dfd9.scm.southeastasia-01.azurewebsites.net" Transfer-Encoding="chunked" X-ARR-LOG-ID="6c98bb69-293d-4f05-8584-c74c93bb4fa2" CLIENT-IP="135.232.208.177:28672" X-SITE-DEPLOYMENT-ID="cpsu-health-assistant-backend" WAS-DEFAULT-HOSTNAME="cpsu-health-assistant-backend-htcmdma4efg3dfd9.scm.southeastasia-01.azurewebsites.net" X-Forwarded-Proto="https" X-AppService-Proto="https" X-Forwarded-TlsVersion="1.3" X-WAWS-Unencoded-URL="/api/publish?async=true&amp;deployer=GITHUB_ONE_DEPLOY&amp;type=zip&amp;message=%7B%22type%22%3A%22deployment%22%2C%22sha%22%3A%22a1c239690d4f0d5e15e4254f5956f84e850cf144%22%2C%22repoName%22%3A%22souchan25%2FvirtualHealthAssistant%22%2C%22actor%22%3A%22souchan25%22%2C%22slotName%22%3A%22production%22%2C%22commitMessage%22%3A%22Fix%20Azure%20deployment%3A%20Add%20root%20requirements.txt%20and%20update%20dependencies%5Cn%5Cn-%20Created%20root-level%20requirements.txt%20for%20Azure%20App%20Service%20Python%20build%5Cn-%20Updated%20gunicorn%20from%2021.2.0%20to%2024.1.1%20to%20match%20Azure%20runtime%5Cn-%20Modified%20startup.sh%20to%20explicitly%20install%20dependencies%20before%20starting%5Cn-%20Ensures%20Django%20and%20all%20dependencies%20are%20available%20at%20runtime%5Cn%5CnThis%20fixes%20the%20%5C%22ModuleNotFoundError%3A%20No%20module%20named%20%27django%27%5C%22%20error%5Cnby%20making%20requirements%20discoverable%20to%20Azure%27s%20Oryx%20build%20system.%5Cn%5CnCo-authored-by%3A%20Cursor%20%3Ccursoragent%40cursor.com%3E%22%7D" X-Client-IP="135.232.208.177" X-Client-Port="28672" >
  <step title="OneDeploy" date="2026-02-15T13:26:46.108" >
    <step title="Starting PushDeployAsync" date="2026-02-15T13:26:46.115" /><!-- duration: 2ms -->
    <step title="Writing artifact to /tmp/zipdeploy/ef0c27ba-47b9-4a56-8e3a-0c45dee6c6f0.zip" date="2026-02-15T13:26:46.130" >
      <step title="Writing multipart request body to /tmp/zipdeploy/ef0c27ba-47b9-4a56-8e3a-0c45dee6c6f0.zip" date="2026-02-15T13:26:46.141" /><!-- duration: 9ms -->
    </step><!-- duration: 1157ms -->
    <step title="Start deployment in the background" date="2026-02-15T13:26:47.305" >
      <step title="Acquiring Deployment Lock" date="2026-02-15T13:26:47.314" /><!-- duration: 8ms -->
      <step title="Acquired Deployment Lock" date="2026-02-15T13:26:47.385" /><!-- duration: 2ms -->
    </step><!-- duration: 160ms -->
  </step><!-- duration: 1360ms -->
  <step title="Outgoing response" date="2026-02-15T13:26:47.470" type="response" statusCode="202" statusText="Accepted" /><!-- duration: 2ms -->
</step><!-- duration: 1409ms -->
