<step title="BackgroundTrace" date="2026-02-15T13:26:47.308" instance="cbdd36" url="/api/publish" method="POST" >
  <step title="Creating temporary deployment - FetchDeploymentManager" date="2026-02-15T13:26:47.389" /><!-- duration: 1ms -->
  <step title="Creating temporary deployment" date="2026-02-15T13:26:47.394" /><!-- duration: 70ms -->
  <step title="Performing fetch based deployment" date="2026-02-15T13:26:47.480" >
    <step title="Cleaning up temp folders from previous zip deployments and extracting pushed zip file /tmp/zipdeploy/ef0c27ba-47b9-4a56-8e3a-0c45dee6c6f0.zip (2.38 MB) to /tmp/zipdeploy/extracted" date="2026-02-15T13:26:48.630" >
      <step title="ChmodRecursive Process exited with total time taken in ms: 90" date="2026-02-15T13:26:49.299" /><!-- duration: 9ms -->
    </step><!-- duration: 680ms -->
    <step title="Deployment timer started" date="2026-02-15T13:26:51.370" >
      <step title="DeploymentManager.Deploy(id:155a6ea1-5b4d-43c6-8e79-e0fae47223fd)" date="2026-02-15T13:26:51.373" >
        <step title="Collecting changeset information" date="2026-02-15T13:26:51.400" /><!-- duration: 98ms -->
        <step title="Updating submodules" date="2026-02-15T13:26:51.503" /><!-- duration: 1114ms -->
        <step title="Determining deployment builder" date="2026-02-15T13:26:52.864" >
          <step title="Builder is OneDeployBuilder" date="2026-02-15T13:26:52.887" /><!-- duration: 2ms -->
        </step><!-- duration: 27ms -->
        <step title="PreDeployment: context.CleanOutputPath False" date="2026-02-15T13:26:52.941" >
          <step title="PreDeployment: context.OutputPath /home/site/wwwroot" date="2026-02-15T13:26:53.070" >
            <step title="Building" date="2026-02-15T13:26:53.242" >
              <step title="Executing external process" date="2026-02-15T13:26:53.706" type="process" path="starter.sh" arguments="/opt/Kudu/Scripts/parallel_rsync.sh /tmp/zipdeploy/extracted /home/site/wwwroot 8 /tmp/ False False  " /><!-- duration: 4466ms -->
              <step title="Modified file to trigger a restart of the app container." date="2026-02-15T13:26:58.519" /><!-- duration: 2ms -->
              <step title="Skip function trigger and logicapp sync because function is not enabled." date="2026-02-15T13:26:58.522" /><!-- duration: 2ms -->
            </step><!-- duration: 6158ms -->
          </step><!-- duration: 6335ms -->
          <step title="Cleaning up temp files" date="2026-02-15T13:26:59.406" /><!-- duration: 2ms -->
          <step title="Cleaning up temp files" date="2026-02-15T13:26:59.409" /><!-- duration: 504ms -->
          <step title="Reloading status file with latest updates" date="2026-02-15T13:26:59.941" >
            <step title="WebHooksManager.PublishEventAsync: PostDeployment" date="2026-02-15T13:26:59.942" /><!-- duration: 24ms -->
          </step><!-- duration: 27ms -->
          <step title="Cleaning up temporary deployment - fetch deployment was successful" date="2026-02-15T13:26:59.977" /><!-- duration: 2ms -->
        </step><!-- duration: 7105ms -->
      </step><!-- duration: 8725ms -->
