﻿<?xml version="1.0" encoding="utf-8"?>
<deployment>
  <id>224f263e-eb73-4c25-9156-ca8af8224c97</id>
  <author>N/A</author>
  <deployer>OneDeploy</deployer>
  <authorEmail>N/A</authorEmail>
  <message>OneDeploy</message>
  <progress></progress>
  <status>Success</status>
  <statusText></statusText>
  <lastSuccessEndTime>2026-02-15T12:40:24.8078587Z</lastSuccessEndTime>
  <receivedTime>2026-02-15T12:40:16.455373Z</receivedTime>
  <startTime>2026-02-15T12:40:17.7783591Z</startTime>
  <endTime>2026-02-15T12:40:24.8078587Z</endTime>
  <complete>True</complete>
  <is_temp>False</is_temp>
  <is_readonly>True</is_readonly>
  <containerId>6c76d2c1b940</containerId>
  <buildSummary />
</deployment>